Model,Term,Coefficient,Hazard_Ratio,P_Value,CI_Lower,CI_Upper,HR_CI_Lower,HR_CI_Upper,Significance
llama_33,C(adv_id)[T.p1]:cumulative_drift,0.3379278866066611,1.402039393941399,0.9596225717023998,-12.744490598745294,13.420346371958615,2.9183545851496802e-06,673569.439493846,ns
llama_33,C(adv_id)[T.p2]:cumulative_drift,-2.0459191469388722,0.12926132520726585,0.7562606779343986,-14.964713703899683,10.872875410021937,3.168891832308777e-07,52726.603110858305,ns
llama_33,C(adv_id)[T.p3]:cumulative_drift,4.7931898357622424,120.68572295886088,0.4771059252957067,-8.420511904897715,18.0068915764222,0.000220301850364366,66114032.64209181,ns
llama_33,C(adv_id)[T.p4]:cumulative_drift,1.5741010921176348,4.826401177512492,0.8118290420523362,-11.385191851277243,14.533394035512513,1.1362502808622111e-05,2050089.554971804,ns
llama_33,C(adv_id)[T.p5]:cumulative_drift,2.431105968393301,11.371451594026572,0.7141914236126925,-10.579419286843322,15.441631223629923,2.5434112152039934e-05,5084113.437194158,ns
llama_33,C(adv_id)[T.p6]:cumulative_drift,2.7208194539891544,15.192766918796597,0.6677847583503367,-9.704224696199823,15.145863604178132,6.102513703090205e-05,3782378.5062866304,ns
llama_33,C(adv_id)[T.p7]:cumulative_drift,-10.634594833352581,2.406878384142305e-05,0.12824204586344604,-24.337718632672903,3.06852896596774,2.6931658304373173e-11,21.510237099327796,ns
llama_33,C(adv_id)[T.p8]:cumulative_drift,-2.541773584299599,0.07872664755006394,0.7238360890555686,-16.64103272906808,11.55748556046888,5.927769564685787e-08,104556.78087413168,ns
llama_33,C(adv_id)[T.p1]:prompt_to_prompt_drift,6.299216874916874,544.1456091488249,0.6237670076666042,-18.870551407277965,31.468985157111717,6.37710625659751e-09,46430846851519.48,ns
llama_33,C(adv_id)[T.p2]:prompt_to_prompt_drift,10.84821764754162,51442.38114224282,0.4496317908207721,-17.275194349804437,38.97162964488768,3.143970193703853e-08,8.417123619312054e+16,ns
llama_33,C(adv_id)[T.p3]:prompt_to_prompt_drift,-4.045872691519963,0.0174944307506972,0.7603496264217567,-30.04325190912871,21.95150652608878,8.961515853789476e-14,3415215821.567966,ns
llama_33,C(adv_id)[T.p4]:prompt_to_prompt_drift,3.134193205362596,22.970096213758207,0.8284869648490261,-25.220842888436508,31.4892292991617,1.1135945699882528e-11,47380378307239.32,ns
llama_33,C(adv_id)[T.p5]:prompt_to_prompt_drift,4.24551689573189,69.79182591891586,0.7505114043628028,-21.924210560345415,30.415244351809193,3.0090980105851174e-10,16187239325412.045,ns
llama_33,C(adv_id)[T.p6]:prompt_to_prompt_drift,-5.318024237850963,0.004902430198911787,0.6954361938538545,-31.942398149889375,21.306349674187448,1.3415063870895095e-14,1791554783.9727619,ns
llama_33,C(adv_id)[T.p7]:prompt_to_prompt_drift,3.7551023450758603,42.73859367133848,0.8036134172196144,-25.841408606309827,33.351613296461544,5.98713206075974e-12,305085535188944.56,ns
llama_33,C(adv_id)[T.p8]:prompt_to_prompt_drift,-7.680972224988487,0.00046152597350454923,0.6272352157545464,-38.68127661729114,23.319332167314165,1.5883090561132222e-17,13410880168.408344,ns
llama_33,C(base_id)[T.Humanities]:context_to_prompt_drift,0.12149308195583479,1.1291815541702743,0.955156184087642,-4.113067052467916,4.356053216379586,0.016357528114517586,77.94887915532705,ns
llama_33,C(base_id)[T.Legal]:context_to_prompt_drift,-0.4001162454783855,0.6702421288900622,0.8574865246055932,-4.7671776647189565,3.9669451737621855,0.00850434844343131,52.82291927796775,ns
llama_33,C(base_id)[T.Medical]:context_to_prompt_drift,1.974635486973911,7.203993225795275,0.30229176038005456,-1.777276467259665,5.726547441207487,0.16909806479988662,306.9078197832753,ns
llama_33,C(base_id)[T.STEM]:context_to_prompt_drift,-0.0043175058334354215,0.9956918011956735,0.9984680907442289,-4.411771406446733,4.403136394779863,0.012133665628154782,81.70673177838768,ns
gemini_25,C(adv_id)[T.p1]:cumulative_drift,1.8577439918386156,6.409261103598169,0.7969622811908547,-12.29456054126166,16.01004852493889,4.576570949388367e-06,8975852.958116239,ns
gemini_25,C(adv_id)[T.p2]:cumulative_drift,1.5605870938995485,4.7616159403539,0.8273179668683359,-12.460946456644947,15.582120644444046,3.875071449900522e-06,5850985.370608945,ns
gemini_25,C(adv_id)[T.p3]:cumulative_drift,1.2682902156404636,3.554769474204202,0.8527399949942093,-12.123347469298832,14.65992790057976,5.431216210310353e-06,2326621.7961910125,ns
gemini_25,C(adv_id)[T.p4]:cumulative_drift,-3.59462057539577,0.027471104411773646,0.6366653661914811,-18.50958617250975,11.320345021718207,9.149320959313243e-09,82482.79636909961,ns
gemini_25,C(adv_id)[T.p5]:cumulative_drift,1.254984533551676,3.5077841209611917,0.8536925743160091,-12.083431061746007,14.593400128849359,5.652395831310264e-06,2176873.2775417115,ns
gemini_25,C(adv_id)[T.p6]:cumulative_drift,2.7918479369093636,16.311133915123346,0.6806942183279132,-10.505135729086835,16.08883160290556,2.7395392131742494e-05,9711599.9770201,ns
gemini_25,C(adv_id)[T.p7]:cumulative_drift,-2.950132747951644,0.052332758420823314,0.6693362747424993,-16.489602579860225,10.589337083956936,6.896942269889296e-08,39709.15656187178,ns
gemini_25,C(adv_id)[T.p8]:cumulative_drift,-3.1212845537565386,0.04410048257892077,0.6923352601043896,-18.58196665388026,12.339397546367184,8.510487130433835e-09,228524.23532124568,ns
gemini_25,C(adv_id)[T.p1]:prompt_to_prompt_drift,-4.411145290508504,0.012141265088417052,0.7584284548804314,-32.52306845167588,23.700777870658875,7.50603935047308e-15,19638894903.731613,ns
gemini_25,C(adv_id)[T.p2]:prompt_to_prompt_drift,-4.393176208348714,0.012361404405725737,0.7700479937904581,-33.8495914300682,25.063239013370772,1.9920912470045186e-15,76705481795.40747,ns
gemini_25,C(adv_id)[T.p3]:prompt_to_prompt_drift,3.518960665527209,33.74933338362608,0.7918662862214282,-22.617272603968708,29.655193935023128,1.5046771034387744e-10,7569846721506.15,ns
gemini_25,C(adv_id)[T.p4]:prompt_to_prompt_drift,-7.922145356015504,0.00036262353481925926,0.6358133546178314,-40.71018374284325,24.865893030812238,2.0882949738625992e-18,62968033563.56992,ns
gemini_25,C(adv_id)[T.p5]:prompt_to_prompt_drift,4.008788299625449,55.08008954720871,0.7674291053034972,-22.558793438134586,30.576370037385487,1.595293117062774e-10,19017296771858.074,ns
gemini_25,C(adv_id)[T.p6]:prompt_to_prompt_drift,-2.8600604395475244,0.05726529907210716,0.8366120769385406,-30.041576523318195,24.321455644223146,8.976542434436744e-14,36532044512.34398,ns
gemini_25,C(adv_id)[T.p7]:prompt_to_prompt_drift,-4.503944289016851,0.01106526574534617,0.7648831873086657,-34.02022873254431,25.012340154510607,1.6795865507214715e-15,72898955973.74057,ns
gemini_25,C(adv_id)[T.p8]:prompt_to_prompt_drift,-8.791479694975452,0.00015202285372356277,0.6007818901538258,-41.72050550687651,24.137546116925613,7.603519711430011e-19,30395065616.143753,ns
gemini_25,C(base_id)[T.Humanities]:context_to_prompt_drift,1.3351045447544752,3.800393236829447,0.6935409060718981,-5.305494039941552,7.975703129450501,0.004964245087160124,2909.402839899137,ns
gemini_25,C(base_id)[T.Legal]:context_to_prompt_drift,-2.3578894814662856,0.09461970926278848,0.5479893644464143,-10.050241476404913,5.334462513472342,4.317532197991233e-05,207.36126496381485,ns
gemini_25,C(base_id)[T.Medical]:context_to_prompt_drift,2.161929194136959,8.687882112853268,0.5016109225451313,-4.143983064740754,8.467841453014673,0.015859555895047978,4759.231349624588,ns
gemini_25,C(base_id)[T.STEM]:context_to_prompt_drift,1.2091068632306057,3.3504908692282243,0.7155775297298866,-5.2946373495357815,7.712851075996992,0.005018433982943142,2236.9107779311976,ns
deepseek_r1,C(adv_id)[T.p1]:cumulative_drift,0.0325447085207584,1.0330800795936845,0.9955875381850958,-11.501599181216257,11.566688598257773,1.0113906689578985e-05,105523.46225944077,ns
deepseek_r1,C(adv_id)[T.p2]:cumulative_drift,2.9633070553550707,19.36189686000804,0.6241584332426615,-8.890542109571303,14.817156220281444,0.00013768499739139352,2722758.8852830427,ns
deepseek_r1,C(adv_id)[T.p3]:cumulative_drift,-2.75047214779844,0.06389768493217123,0.6685758681658791,-15.342819723336099,9.841875427739218,2.171191136145667e-07,18804.95029534376,ns
deepseek_r1,C(adv_id)[T.p4]:cumulative_drift,-0.3010663430294758,0.7400286753738682,0.960976747565966,-12.36124232387602,11.759109637817069,4.2813493735032835e-06,127913.51338082568,ns
deepseek_r1,C(adv_id)[T.p5]:cumulative_drift,-2.8814587803791554,0.05605293424300555,0.6841005165233673,-16.761812706259008,10.998895145500695,5.253360871020229e-08,59808.02603116289,ns
deepseek_r1,C(adv_id)[T.p6]:cumulative_drift,3.0049011823525804,20.184221440157728,0.6225722465351873,-8.9605626606103,14.970365025315463,0.00012837400241526263,3173561.5271031386,ns
deepseek_r1,C(adv_id)[T.p7]:cumulative_drift,-3.9782494739411094,0.01871837768262331,0.5061730349560125,-15.706779720958188,7.75028077307597,1.5088019570703884e-07,2322.224341156423,ns
deepseek_r1,C(adv_id)[T.p8]:cumulative_drift,-2.7633068025424814,0.06308282064393227,0.6720113397793959,-15.555277170981967,10.028663565897006,1.7556136957425478e-07,22666.958397766408,ns
deepseek_r1,C(adv_id)[T.p1]:prompt_to_prompt_drift,4.423412779318456,83.38035910724413,0.7026815424963386,-18.289863488869692,27.1366890475066,1.1397594770278961e-08,609978194959.359,ns
deepseek_r1,C(adv_id)[T.p2]:prompt_to_prompt_drift,-8.627253693839508,0.0001791559873600162,0.5258159140251681,-35.28070165345863,18.026194265779615,4.76196231549748e-16,67402607.74950953,ns
deepseek_r1,C(adv_id)[T.p3]:prompt_to_prompt_drift,9.686428659327083,16097.651315838775,0.43466225837702943,-14.61479603293442,33.987653351588584,4.496501356376026e-07,576302234444729.0,ns
deepseek_r1,C(adv_id)[T.p4]:prompt_to_prompt_drift,3.66712002254475,39.13902388314867,0.7917300773358172,-23.551298953459757,30.885538998549258,5.91290393011742e-11,25907121249224.52,ns
deepseek_r1,C(adv_id)[T.p5]:prompt_to_prompt_drift,-2.045085674264052,0.12936910589962874,0.8915935896189432,-31.455551080399427,27.365379731871325,2.1828693381520402e-14,766714034081.3036,ns
deepseek_r1,C(adv_id)[T.p6]:prompt_to_prompt_drift,-10.753858696411498,2.1362816447428937e-05,0.4081599807619404,-36.235974943110314,14.728257550287317,1.8319602067220063e-16,2491156.3302083937,ns
deepseek_r1,C(adv_id)[T.p7]:prompt_to_prompt_drift,5.979469050021975,395.23046482955584,0.6505911223046117,-19.894850638759987,31.85378873880394,2.2896871629907153e-09,68222036116651.89,ns
deepseek_r1,C(adv_id)[T.p8]:prompt_to_prompt_drift,1.3286024620077068,3.775762926466093,0.9218708912306935,-25.222008752629478,27.879213676644895,1.1122970264803457e-11,1281706714796.0864,ns
deepseek_r1,C(base_id)[T.Humanities]:context_to_prompt_drift,-1.5384311743203025,0.21471769196104,0.49090461083626535,-5.915550852069688,2.8386885034290836,0.0026971736458796863,17.093332982659817,ns
deepseek_r1,C(base_id)[T.Legal]:context_to_prompt_drift,1.7927863768876489,6.00616461065878,0.40145676021649723,-2.3951791449644793,5.9807518987397765,0.09115634725918212,395.7378110792633,ns
deepseek_r1,C(base_id)[T.Medical]:context_to_prompt_drift,-0.9970096696111151,0.36898116868748154,0.6524071565819338,-5.335405425672877,3.3413860864506466,0.004817956393041025,28.25826797490909,ns
deepseek_r1,C(base_id)[T.STEM]:context_to_prompt_drift,1.0600947494407669,2.8866444842615815,0.6111579890660278,-3.026571056449737,5.14676055533127,0.04848159408600187,171.873811816838,ns
CARG,C(adv_id)[T.p1]:cumulative_drift,-1.1257264891924503,0.32441669650237065,0.7671135941512882,-8.575885118799844,6.3244321404149435,0.00018859944720762286,558.0408348368553,ns
CARG,C(adv_id)[T.p2]:cumulative_drift,0.3587451281101694,1.431531897831628,0.9189260649652499,-6.549114610317879,7.266604866538218,0.0014313823686127815,1431.68144267103,ns
CARG,C(adv_id)[T.p3]:cumulative_drift,-1.5250341282521591,0.21761362996566333,0.6832156328206287,-8.849624530306345,5.799556273802026,0.00014343558188095236,330.15302985375405,ns
CARG,C(adv_id)[T.p4]:cumulative_drift,-2.245819369998474,0.10584078207337917,0.5424650195267753,-9.472547164259895,4.980908424262946,7.693519112178263e-05,145.6065941549711,ns
CARG,C(adv_id)[T.p5]:cumulative_drift,2.9851146561300044,19.788771010205007,0.4094013545229067,-4.107114462729049,10.077343774989059,0.01645518814520545,23797.689497000938,ns
CARG,C(adv_id)[T.p6]:cumulative_drift,-0.6033455548222726,0.5469786246082814,0.8704923269522845,-7.856689390190885,6.64999828054634,0.00038715346614649114,772.7829967694552,ns
CARG,C(adv_id)[T.p7]:cumulative_drift,0.8299205767005127,2.2931366045560604,0.8188150261247622,-6.271049236745827,7.930890390146852,0.001890244228659834,2781.902680841993,ns
CARG,C(adv_id)[T.p8]:cumulative_drift,1.0901086611115842,2.9745972780495618,0.7545808520874158,-5.744632859218515,7.924850181441683,0.0031999091531549908,2765.150053668192,ns
CARG,C(adv_id)[T.p1]:prompt_to_prompt_drift,-2.597078443535483,0.07449088995659964,0.7823974050070409,-21.026661895400046,15.832505008329079,7.383066258760473e-10,7515702.137905273,ns
CARG,C(adv_id)[T.p2]:prompt_to_prompt_drift,3.7060271101062097,40.691820840627614,0.6766890874687811,-13.713478889558619,21.125533109771037,1.107418541352229e-06,1495210908.5187144,ns
CARG,C(adv_id)[T.p3]:prompt_to_prompt_drift,-4.331809000477783,0.0131437489226789,0.6371612754660587,-22.3320261926586,13.668408191703033,2.0013555726306384e-10,863205.6097625099,ns
CARG,C(adv_id)[T.p4]:prompt_to_prompt_drift,-5.398407379320476,0.004523779873884385,0.5594107523353045,-23.524802013845857,12.727987255204907,6.071671932602538e-11,337050.2322016856,ns
CARG,C(adv_id)[T.p5]:prompt_to_prompt_drift,2.3029225786340635,10.003375425947034,0.7890098276418933,-14.564424986439686,19.170270143707814,4.7287961885443355e-07,211613095.4318942,ns
CARG,C(adv_id)[T.p6]:prompt_to_prompt_drift,-1.4710950730051788,0.2296738378059676,0.8711789739728224,-19.25151808422698,16.30932793821662,4.3568431751524715e-09,12107406.59047841,ns
CARG,C(adv_id)[T.p7]:prompt_to_prompt_drift,-3.4520581001466297,0.031680367866788274,0.6996557344973631,-20.990079292404975,14.085963092111715,7.658159169204865e-10,1310557.3885313198,ns
CARG,C(adv_id)[T.p8]:prompt_to_prompt_drift,7.558524875985306,1917.0155909087307,0.36856751405602384,-8.917340081493606,24.034389833464218,0.0001340443179807014,27415923562.804348,ns
CARG,C(base_id)[T.Humanities]:context_to_prompt_drift,0.41703006272788895,1.5174481308796255,0.8687911128869279,-4.530866377238484,5.364926502694262,0.010771339985249024,213.77552217862092,ns
CARG,C(base_id)[T.Legal]:context_to_prompt_drift,1.358310757856746,3.889617243712536,0.595593405078745,-3.6577045008592934,6.374326016572785,0.02579164953549126,586.589945779431,ns
CARG,C(base_id)[T.Medical]:context_to_prompt_drift,3.6414033390842904,38.145330014500885,0.09386013367137884,-0.6185429777360016,7.901349655904582,0.5387288058993234,2700.9251890404803,ns
CARG,C(base_id)[T.STEM]:context_to_prompt_drift,0.1698160607441764,1.1850868472784548,0.942340198128885,-4.431851440966456,4.77148356245481,0.011892451106362757,118.09431235256308,ns
mistral_large,C(adv_id)[T.p1]:cumulative_drift,3.152766217978086,23.400706588045544,0.660433019836166,-10.913001321723463,17.218533757679634,1.821980585616633e-05,30054824.57621634,ns
mistral_large,C(adv_id)[T.p2]:cumulative_drift,-0.4097670896911067,0.6638048391230612,0.9555142783469615,-14.807012077766869,13.987477898384656,3.710191799240156e-07,1187639.044788561,ns
mistral_large,C(adv_id)[T.p3]:cumulative_drift,-0.2189622982202338,0.8033520053830634,0.9774632195731364,-15.410714280650273,14.972789684209806,2.0286719564246894e-07,3181265.6674684393,ns
mistral_large,C(adv_id)[T.p4]:cumulative_drift,-4.681534556695201,0.009264785634002114,0.5366091224552645,-19.530078431719378,10.167009318328976,3.2975751825964316e-09,26030.112458702624,ns
mistral_large,C(adv_id)[T.p5]:cumulative_drift,-1.2247321703564327,0.29383638788066546,0.8680458198373181,-15.672868607211267,13.223404266498402,1.5608445355977587e-07,553160.9386689572,ns
mistral_large,C(adv_id)[T.p6]:cumulative_drift,0.5483452067807064,1.7303872143361958,0.934900529664776,-12.609417379854873,13.706107793416285,3.340408744552201e-06,896369.3190006822,ns
mistral_large,C(adv_id)[T.p7]:cumulative_drift,1.16432563406008,3.2037616468183807,0.8578844613352309,-11.579653162981211,13.908304431101373,9.35449891524968e-06,1097235.5422364667,ns
mistral_large,C(adv_id)[T.p8]:cumulative_drift,-2.615202706249955,0.07315295863104238,0.7259284795375371,-17.237230838839434,12.006825426339525,3.265620873910865e-08,163869.46198277705,ns
mistral_large,C(adv_id)[T.p1]:prompt_to_prompt_drift,-0.3452883460756375,0.7080161703473064,0.9799140627190872,-27.22546337061624,26.534886678464964,1.500138962242654e-12,334160307871.6521,ns
mistral_large,C(adv_id)[T.p2]:prompt_to_prompt_drift,11.502709378027442,98983.59200202009,0.40256797174145853,-15.431242248368592,38.43666100442348,1.9874519727290035e-07,4.929805409168665e+16,ns
mistral_large,C(adv_id)[T.p3]:prompt_to_prompt_drift,-9.853675351246563,5.2553684377847385e-05,0.5011652973276679,-38.56494768928538,18.857596986792252,1.7842513073995962e-17,154792642.17054906,ns
mistral_large,C(adv_id)[T.p4]:prompt_to_prompt_drift,5.01723870585211,150.99378935234085,0.7354174907475337,-24.082477421382556,34.11695483308677,3.476265556204578e-11,655851057819397.4,ns
mistral_large,C(adv_id)[T.p5]:prompt_to_prompt_drift,-2.5326083315183427,0.07945151389294414,0.8589095469466135,-30.456511433112247,25.39129477007556,5.927958390391311e-14,106487641176.98195,ns
mistral_large,C(adv_id)[T.p6]:prompt_to_prompt_drift,4.971982132512758,144.31265086408402,0.6897168045331133,-19.4366949209133,29.380659185938814,3.620350759499767e-09,5752520289580.065,ns
mistral_large,C(adv_id)[T.p7]:prompt_to_prompt_drift,-0.9287228611233452,0.39505793216613755,0.9449586585254777,-27.29448847028548,25.43704274803879,1.4000845751851227e-12,111472387121.14835,ns
mistral_large,C(adv_id)[T.p8]:prompt_to_prompt_drift,9.418440107648419,12313.359715457664,0.5087036675265062,-18.514664725477942,37.35154494077478,9.102973436986978e-09,1.66559672541943e+16,ns
mistral_large,C(base_id)[T.Humanities]:context_to_prompt_drift,-1.5598893571785741,0.21015932253483863,0.4893576239556896,-5.9822679963329435,2.8624892819757957,0.002523097422455332,17.505047746163374,ns
mistral_large,C(base_id)[T.Legal]:context_to_prompt_drift,1.9091596130847768,6.747415975084828,0.3955733228883851,-2.495370153177511,6.313689379347064,0.08246592071899034,552.0780213679927,ns
mistral_large,C(base_id)[T.Medical]:context_to_prompt_drift,-1.4895601621643584,0.22547180476365566,0.49656741167269003,-5.783547162977459,2.804426838648742,0.003077778640009972,16.51760593907278,ns
mistral_large,C(base_id)[T.STEM]:context_to_prompt_drift,-0.12549688960078256,0.882058507976859,0.9543475508558179,-4.422046817123481,4.171053037921916,0.01200962560329463,64.78363582632623,ns
gpt_default,C(adv_id)[T.p1]:cumulative_drift,3.4966033220367816,33.00316025013121,0.5855722588039515,-9.0720277293803,16.065234373453862,0.00011483345124407337,9485115.832500555,ns
gpt_default,C(adv_id)[T.p2]:cumulative_drift,1.447022501489125,4.250439976621877,0.8218039293826849,-11.145304859244193,14.039349862222442,1.4442939781496524e-05,1250869.9937952259,ns
gpt_default,C(adv_id)[T.p3]:cumulative_drift,-3.8689718093863674,0.020879826834136275,0.5836147200534216,-17.70380800158345,9.965864382810716,2.0480185041560987e-08,21287.26707003855,ns
gpt_default,C(adv_id)[T.p4]:cumulative_drift,0.46234569214423893,1.5877940963091648,0.9480297271813577,-13.440142512621724,14.364833896910204,1.4555270159885492e-06,1732080.5897663059,ns
gpt_default,C(adv_id)[T.p5]:cumulative_drift,3.110688029717666,22.436476053704315,0.6408589245946436,-9.95867923149465,16.18005529092998,4.731518720261393e-05,10639194.040441988,ns
gpt_default,C(adv_id)[T.p6]:cumulative_drift,-0.08997144935953873,0.9139572789643993,0.989590309986022,-13.605802395506172,13.425859496787096,1.2333180789147772e-06,677293.1671503775,ns
gpt_default,C(adv_id)[T.p7]:cumulative_drift,0.7193878707232381,2.053176016750351,0.9092011504221245,-11.64379487228941,13.082570613735887,8.773323400924203e-06,480494.2851319904,ns
gpt_default,C(adv_id)[T.p8]:cumulative_drift,-3.28475540199288,0.03744974410599903,0.6267900377386459,-16.52486726615913,9.955356462173372,6.657962306774482e-08,21064.75328311458,ns
gpt_default,C(adv_id)[T.p1]:prompt_to_prompt_drift,-2.1162851923171777,0.12047835215972863,0.8612896907847419,-25.854505462280606,21.62193507764625,5.9092306994529225e-12,2456332148.3568735,ns
gpt_default,C(adv_id)[T.p2]:prompt_to_prompt_drift,6.310830246964175,550.5018115891735,0.6221163534901994,-18.785894863451468,31.407555357379813,6.940480257511525e-09,43664448758423.49,ns
gpt_default,C(adv_id)[T.p3]:prompt_to_prompt_drift,-10.897297981490297,1.8508175927320207e-05,0.4308188907895113,-38.00894062994874,16.21434466696814,3.1111920573985383e-17,11010332.047551727,ns
gpt_default,C(adv_id)[T.p4]:prompt_to_prompt_drift,-8.2587929846252,0.0002589713850954758,0.5892918273352538,-38.242233854031035,21.72464788478063,2.4638193490907375e-17,2722041221.2047815,ns
gpt_default,C(adv_id)[T.p5]:prompt_to_prompt_drift,7.8242445258814115,2500.4963368263275,0.5341696562485696,-16.844215580587605,32.492704632350424,4.8378246313724365e-08,129241599415068.58,ns
gpt_default,C(adv_id)[T.p6]:prompt_to_prompt_drift,-1.271031545448612,0.28054208056024554,0.9246189291672472,-27.60004395848497,25.057980867587748,1.0314619423898037e-12,76303211713.96939,ns
gpt_default,C(adv_id)[T.p7]:prompt_to_prompt_drift,3.4741376626002096,32.26998891642957,0.7934016101754375,-22.52543562133976,29.47371094654018,1.6494061410304265e-10,6313497681146.79,ns
gpt_default,C(adv_id)[T.p8]:prompt_to_prompt_drift,15.180878116403758,3917162.5735851103,0.24840364007626142,-10.59720172107999,40.958957953887506,2.4985829318084883e-05,6.14114602023225e+17,ns
gpt_default,C(base_id)[T.Humanities]:context_to_prompt_drift,-0.3202458591725653,0.7259705286171468,0.8962715110054501,-5.134674223615214,4.494182505270084,0.00588896967999909,89.49497739997553,ns
gpt_default,C(base_id)[T.Legal]:context_to_prompt_drift,-0.17072476193182826,0.843053581980638,0.9482156152077298,-5.322781165582185,4.981331641718528,0.00487916507188313,145.66823044912314,ns
gpt_default,C(base_id)[T.Medical]:context_to_prompt_drift,0.18392064683098144,1.2019204431159303,0.9369487706827571,-4.373008997849499,4.740850291511461,0.012613230227538066,114.53154548991081,ns
gpt_default,C(base_id)[T.STEM]:context_to_prompt_drift,2.455037373249622,11.64686882208143,0.2710907151739391,-1.9171095887915492,6.827184335290793,0.1470313295396395,922.5894493608691,ns
llama_4_scout,C(adv_id)[T.p1]:cumulative_drift,-0.9883720113121365,0.37218210634263665,0.8597843571064169,-11.954622005083218,9.977877982458944,6.429447137850099e-06,21544.546103533306,ns
llama_4_scout,C(adv_id)[T.p2]:cumulative_drift,-0.8056121462057078,0.4468143271314649,0.8877918842752001,-11.99614450999443,10.384920217583016,6.1679470276474435e-06,32367.827096286022,ns
llama_4_scout,C(adv_id)[T.p3]:cumulative_drift,-2.006263293969345,0.13449028756377712,0.7250743712242149,-13.187296646652888,9.174770058714197,1.8742599933596201e-06,9650.54875688046,ns
llama_4_scout,C(adv_id)[T.p4]:cumulative_drift,1.580142426386921,4.855647334296686,0.7794578992770551,-9.479641929539762,12.639926782313603,7.639128572107424e-05,308638.751298804,ns
llama_4_scout,C(adv_id)[T.p5]:cumulative_drift,-2.224213346265171,0.10815246371944275,0.7237036674039152,-14.555795155947955,10.107368463417615,4.769781491830201e-07,24523.042467710973,ns
llama_4_scout,C(adv_id)[T.p6]:cumulative_drift,-3.673844360151175,0.02537871723952285,0.5359941379847618,-15.308701004094457,7.9610122837921065,2.246547620319552e-07,2866.973675065208,ns
llama_4_scout,C(adv_id)[T.p7]:cumulative_drift,-0.5122091471504554,0.599170459945674,0.9226152827113966,-10.846904985912023,9.822486691611111,1.9464758460115733e-05,18443.857950106612,ns
llama_4_scout,C(adv_id)[T.p8]:cumulative_drift,-0.6683029440895295,0.5125777131299569,0.9136130160925058,-12.742605539002644,11.405999650823587,2.9238610462664296e-06,89859.23333567174,ns
llama_4_scout,C(adv_id)[T.p1]:prompt_to_prompt_drift,3.744712771691391,42.29685661933703,0.7327998143473218,-17.75331350838818,25.24273905177096,1.9490990410269116e-08,91787233086.6358,ns
llama_4_scout,C(adv_id)[T.p2]:prompt_to_prompt_drift,-0.6639642624833004,0.5148064560324118,0.9560547332149731,-24.27967396375114,22.95174543878454,2.8541157038726704e-11,9285737323.579613,ns
llama_4_scout,C(adv_id)[T.p3]:prompt_to_prompt_drift,3.703471076222844,40.587943980724894,0.7435661370399331,-18.485167807440035,25.892109959885723,9.375482427880024e-09,175711619029.18384,ns
llama_4_scout,C(adv_id)[T.p4]:prompt_to_prompt_drift,0.8989175421560232,2.4569421349333265,0.945445183851167,-24.84864357816491,26.64647866247696,1.615739012305155e-11,373610131861.4842,ns
llama_4_scout,C(adv_id)[T.p5]:prompt_to_prompt_drift,-5.223227145365459,0.005389907016272261,0.6964821053171703,-31.46785490840924,21.02140061767832,2.1561762396360167e-14,1347343371.5680425,ns
llama_4_scout,C(adv_id)[T.p6]:prompt_to_prompt_drift,-6.893028568979174,0.001014835682273934,0.5896348954811108,-31.941155510553365,18.155098372595013,1.3431744318700035e-14,76675928.1281552,ns
llama_4_scout,C(adv_id)[T.p7]:prompt_to_prompt_drift,0.5429598179947677,1.7210934541544867,0.9634689420490458,-22.691992011170967,23.7779116471605,1.3963461314470336e-10,21213670530.699524,ns
llama_4_scout,C(adv_id)[T.p8]:prompt_to_prompt_drift,-3.691830106934381,0.024926342401929376,0.7879849996827673,-30.598105780409696,23.21444556654093,5.1453094924849326e-14,12075513561.345634,ns
llama_4_scout,C(base_id)[T.Humanities]:context_to_prompt_drift,0.44020533547144836,1.553026077115441,0.805381989000861,-3.061535944458183,3.941946615401079,0.046815733603028986,51.51879102551382,ns
llama_4_scout,C(base_id)[T.Legal]:context_to_prompt_drift,1.2669255315640309,3.5499216455370277,0.5032707882293794,-2.4428226955204275,4.97667375864849,0.08691516982235929,144.9913026139013,ns
llama_4_scout,C(base_id)[T.Medical]:context_to_prompt_drift,0.36205120951082465,1.4362724908888027,0.8269275239277714,-2.883443530816359,3.6075459498380087,0.055941793487076265,36.87544748740482,ns
llama_4_scout,C(base_id)[T.STEM]:context_to_prompt_drift,-0.6319702009039848,0.5315435211591419,0.7300380001237351,-4.221447541250403,2.9575071394424337,0.014677383002819143,19.249924515289333,ns
claude_35,C(adv_id)[T.p1]:cumulative_drift,1.8114451232569817,6.11928416547198,0.540627435834917,-3.991093544619164,7.613983791133127,0.01847949491430405,2026.3345330294342,ns
claude_35,C(adv_id)[T.p2]:cumulative_drift,0.7929184607771284,2.20983634505669,0.8225918330518427,-6.138410155883827,7.7242470774380845,0.0021583523357739157,2262.548422235468,ns
claude_35,C(adv_id)[T.p3]:cumulative_drift,-1.2689685284173409,0.28112144106023723,0.6783756695546865,-7.266673916432025,4.728736859597343,0.0006984311751813669,113.15254449124828,ns
claude_35,C(adv_id)[T.p4]:cumulative_drift,0.8562259966669129,2.3542589255881317,0.7728057436488349,-4.956494739113802,6.668946732447628,0.007037553108008164,787.56565011274,ns
claude_35,C(adv_id)[T.p5]:cumulative_drift,-3.8196509794540368,0.021935455483028176,0.2995758583531305,-11.03652683834003,3.3972248794319566,1.610264782461289e-05,29.881061331568816,ns
claude_35,C(adv_id)[T.p6]:cumulative_drift,4.105511976624463,60.67380016445424,0.20508992762637918,-2.2445233074875564,10.455547260736482,0.10597804727607774,34736.53384843131,ns
claude_35,C(adv_id)[T.p7]:cumulative_drift,3.417158283474012,30.4826687217668,0.23941389385544337,-2.2758078019857644,9.11012436893379,0.10271390241924797,9046.419915079136,ns
claude_35,C(adv_id)[T.p8]:cumulative_drift,-3.035901720078084,0.04803133252569239,0.37744729099891616,-9.777567196218738,3.7057637560625714,5.670959167356847e-05,40.68110589604015,ns
claude_35,C(adv_id)[T.p1]:prompt_to_prompt_drift,3.096706039164995,22.12495239304713,0.6885493444534458,-12.0456627756556,18.239074853985592,5.869959781648859e-06,83392993.5814822,ns
claude_35,C(adv_id)[T.p2]:prompt_to_prompt_drift,-1.1231453741246336,0.3252551349134886,0.8991646435890362,-18.495163674603994,16.24887292635473,9.282233180909417e-09,11397139.107124535,ns
claude_35,C(adv_id)[T.p3]:prompt_to_prompt_drift,6.309402825206807,549.7165738918569,0.40229394921726247,-8.455658740971959,21.074464391385575,0.0002126934265625856,1420769397.978934,ns
claude_35,C(adv_id)[T.p4]:prompt_to_prompt_drift,-1.4140260747098117,0.24316232009589941,0.8682424478850446,-18.12038256201185,15.292330412592227,1.3502613711102732e-08,4378997.665155881,ns
claude_35,C(adv_id)[T.p5]:prompt_to_prompt_drift,-0.2398265975119293,0.7867642761218613,0.9793160660993359,-18.370072967390918,17.89041977236706,1.05191022851322e-08,58845138.05483707,ns
claude_35,C(adv_id)[T.p6]:prompt_to_prompt_drift,-4.491942453882343,0.011198869381216697,0.5915167589910102,-20.897831185386735,11.913946277622047,8.398219713799974e-10,149334.8348715754,ns
claude_35,C(adv_id)[T.p7]:prompt_to_prompt_drift,1.8364880460177861,6.274463893177156,0.8144500429531313,-13.500612484515981,17.173588576551552,1.370119652268071e-06,28733911.72925173,ns
claude_35,C(adv_id)[T.p8]:prompt_to_prompt_drift,8.07349534800689,3208.296365586487,0.3744329203956077,-9.742032181629103,25.889022877642883,5.876100039924899e-05,175170019221.91602,ns
claude_35,C(base_id)[T.Humanities]:context_to_prompt_drift,-0.8179186057269596,0.44134932111106884,0.5245539803163082,-3.3371499765656694,1.70131276511175,0.03553809793908117,5.4811381177210405,ns
claude_35,C(base_id)[T.Legal]:context_to_prompt_drift,0.28779361889142674,1.3334820702149084,0.8256508902707811,-2.2728468277525025,2.848434065535356,0.10301848634775798,17.260731492230246,ns
claude_35,C(base_id)[T.Medical]:context_to_prompt_drift,0.13684543751934494,1.1466509056147822,0.9119634294908489,-2.289045516556644,2.5627363915953336,0.10136316515860012,12.971263252187876,ns
claude_35,C(base_id)[T.STEM]:context_to_prompt_drift,-1.922022871291391,0.14631069487183188,0.17802196948397636,-4.718947910901179,0.8749021683183977,0.008924563046402769,2.398640619442624,ns
llama_4_maverick,C(adv_id)[T.p1]:cumulative_drift,-5.527683590978059,0.003975186590472921,0.46823415080398845,-20.463897995052662,9.408530813096544,1.296110480885759e-09,12191.945564915577,ns
llama_4_maverick,C(adv_id)[T.p2]:cumulative_drift,0.4493331938862605,1.5672667739187804,0.9526818521874354,-14.392040788562142,15.290707176334664,5.618444590796787e-07,4371895.283355343,ns
llama_4_maverick,C(adv_id)[T.p3]:cumulative_drift,2.167905235845691,8.73995670370512,0.7903679515760921,-13.815884471656949,18.151694943348332,9.996261562043386e-07,76415410.60978946,ns
llama_4_maverick,C(adv_id)[T.p4]:cumulative_drift,4.921184481781986,137.16498643096375,0.5083549238419065,-9.662008482838903,19.504377446402877,6.365654038126914e-05,295558530.0413614,ns
llama_4_maverick,C(adv_id)[T.p5]:cumulative_drift,-3.10020015024983,0.04504018668672218,0.6828309349245951,-17.97106193808567,11.77066163758601,1.5677144680163068e-08,129399.738164162,ns
llama_4_maverick,C(adv_id)[T.p6]:cumulative_drift,3.8332361275177234,46.21184393757743,0.561820914501074,-9.11711768452338,16.783589939558826,0.00010977061534398761,19454518.984146148,ns
llama_4_maverick,C(adv_id)[T.p7]:cumulative_drift,-2.3878308998632587,0.09182865355189446,0.7227252403739608,-15.57783310389481,10.802171304168292,1.7164574538956657e-07,49127.355845701175,ns
llama_4_maverick,C(adv_id)[T.p8]:cumulative_drift,-2.884663263614946,0.055873601043482775,0.6788179553225329,-16.538743445518,10.769416918288108,6.566213262907993e-08,47544.28722565881,ns
llama_4_maverick,C(adv_id)[T.p1]:prompt_to_prompt_drift,0.12099626075837239,1.1286206921739799,0.9938016530523787,-30.405703234750703,30.647695756267446,6.236929956525423e-14,20423263940467.523,ns
llama_4_maverick,C(adv_id)[T.p2]:prompt_to_prompt_drift,-2.326650349014288,0.09762220033165081,0.8873545348629064,-34.519181173395836,29.865880475367263,1.0197884680402755e-15,9345167450174.17,ns
llama_4_maverick,C(adv_id)[T.p3]:prompt_to_prompt_drift,-17.76477471748017,1.9268875378578608e-08,0.28253536214271113,-50.16471993079219,14.635170495831854,1.6358329351330147e-22,2269727.8577839746,ns
llama_4_maverick,C(adv_id)[T.p4]:prompt_to_prompt_drift,-9.825151895001712,5.4074280327289035e-05,0.5528500724983545,-42.27184623243667,22.621542442433253,4.380971635826171e-19,6674381931.63015,ns
llama_4_maverick,C(adv_id)[T.p5]:prompt_to_prompt_drift,8.123092459262327,3371.430652625352,0.6052532264081285,-22.680102386628697,38.92628730515335,1.4130472509580618e-10,8.043994733902326e+16,ns
llama_4_maverick,C(adv_id)[T.p6]:prompt_to_prompt_drift,7.898589293596295,2693.4799374745344,0.5469223296301597,-17.80112417727717,33.598302764469764,1.858103913940566e-08,390442865931656.3,ns
llama_4_maverick,C(adv_id)[T.p7]:prompt_to_prompt_drift,1.8059235556902677,6.085589234518087,0.899947286704579,-26.34649195845284,29.958339069833375,3.6129664184418347e-12,10250412553586.443,ns
llama_4_maverick,C(adv_id)[T.p8]:prompt_to_prompt_drift,0.2845550904560097,1.329170535893952,0.9842151301393981,-27.904802175745274,28.473912356657294,7.604985607293029e-13,2323073842236.3237,ns
llama_4_maverick,C(base_id)[T.Humanities]:context_to_prompt_drift,0.46371253400373735,1.5899658436237183,0.8416399019331362,-4.085220079984859,5.012645147992334,0.01681943728710363,150.30178125093576,ns
llama_4_maverick,C(base_id)[T.Legal]:context_to_prompt_drift,0.5524681673661247,1.737536260108287,0.8244853834455094,-4.3299341148247015,5.434870449556951,0.013168415064834231,229.2631452097305,ns
llama_4_maverick,C(base_id)[T.Medical]:context_to_prompt_drift,-1.499734356749201,0.22318944104295912,0.5869297762013219,-6.910145740784312,3.91067702728591,0.0009976123930763598,49.9327463640036,ns
llama_4_maverick,C(base_id)[T.STEM]:context_to_prompt_drift,-1.7271598208210632,0.17778864518004092,0.5305747800367684,-7.125047458888708,3.670727817246582,0.0008046948192965004,39.28048447309291,ns
qwen_max,C(adv_id)[T.p1]:cumulative_drift,-5.438735408446889,0.004344974415924066,0.5179448568729763,-21.926673526939087,11.04920271004531,3.001695822121341e-10,62893.79002331009,ns
qwen_max,C(adv_id)[T.p2]:cumulative_drift,6.548174051889384,697.9685551989671,0.3701553132706765,-7.772776921914992,20.86912502569376,0.00042104243993545227,1157033253.277787,ns
qwen_max,C(adv_id)[T.p3]:cumulative_drift,-2.5579159267470906,0.07746601718307698,0.7501121352296957,-18.299067469704408,13.183235616210228,1.1293172812460023e-08,531381.5628135747,ns
qwen_max,C(adv_id)[T.p4]:cumulative_drift,-0.38676544871399743,0.6792503952975879,0.9578497602074064,-14.729554845512538,13.956023948084542,4.008995877889836e-07,1150864.4896756061,ns
qwen_max,C(adv_id)[T.p5]:cumulative_drift,2.5876885834539682,13.29899652926656,0.7325874421636442,-12.255708640464906,17.431085807372842,4.75787869927956e-06,37172723.36350751,ns
qwen_max,C(adv_id)[T.p6]:cumulative_drift,-0.18817399969026677,0.828470541073069,0.9797953995456969,-14.751181710036219,14.374833710655684,3.923224691138637e-07,1749487.9632466333,ns
qwen_max,C(adv_id)[T.p7]:cumulative_drift,-3.8298479779206245,0.021712916221634123,0.5976192470763249,-18.051099739881828,10.39140378404058,1.4471281468154901e-08,32578.367844282733,ns
qwen_max,C(adv_id)[T.p8]:cumulative_drift,3.9450370265111228,51.678251542038524,0.5637377604568738,-9.448604519152031,17.338678572174278,7.879945170744216e-05,33891627.72803888,ns
qwen_max,C(adv_id)[T.p1]:prompt_to_prompt_drift,-8.118563365664714,0.00029795640751539994,0.6222763353023388,-40.41906558946995,24.181938858140526,2.793977155198542e-18,31774784061.602123,ns
qwen_max,C(adv_id)[T.p2]:prompt_to_prompt_drift,0.6115049869392287,1.8432033093207345,0.9656402890145293,-27.211520677928934,28.43453065180739,1.521201431339811e-12,2233365266096.693,ns
qwen_max,C(adv_id)[T.p3]:prompt_to_prompt_drift,-10.147967955376973,3.9155566748622825e-05,0.5171627475033433,-40.85490024115286,20.55896433039892,1.8069339031905475e-18,848486159.177556,ns
qwen_max,C(adv_id)[T.p4]:prompt_to_prompt_drift,13.856808490463546,1042162.5533911115,0.3486897552333925,-15.123948162236545,42.83756514316364,2.702419515858446e-07,4.019001421937526e+18,ns
qwen_max,C(adv_id)[T.p5]:prompt_to_prompt_drift,5.366441777411989,214.09969636709624,0.7060536624970486,-22.52090977432817,33.253793329152145,1.656888019031182e-10,276655268539425.25,ns
qwen_max,C(adv_id)[T.p6]:prompt_to_prompt_drift,-9.509735950349308,7.41266122583043e-05,0.5174502230392577,-38.30518277375741,19.28571087305879,2.3135052696418244e-17,237507764.38662207,ns
qwen_max,C(adv_id)[T.p7]:prompt_to_prompt_drift,-4.406034776004565,0.012203472019068247,0.7734783710764475,-34.40891227126621,25.59684271925708,1.1386736539865977e-15,130787894142.26187,ns
qwen_max,C(adv_id)[T.p8]:prompt_to_prompt_drift,20.82486777307795,1106942750.1028059,0.11523123808836067,-5.088250192866937,46.73798573902284,0.006168804667183748,1.9863203944899114e+20,ns
qwen_max,C(base_id)[T.Humanities]:context_to_prompt_drift,0.9195519266023482,2.5081662955227926,0.7045920360339496,-3.8342084740150515,5.673312327219747,0.0216184432594342,290.996816491456,ns
qwen_max,C(base_id)[T.Legal]:context_to_prompt_drift,0.2118039738948129,1.2359055915718584,0.9366004775108381,-5.0070901846946905,5.4306981324843155,0.006690342671561272,228.3085794351597,ns
qwen_max,C(base_id)[T.Medical]:context_to_prompt_drift,0.012924700914048827,1.0130085858673055,0.9959861088601348,-5.0225594435642975,5.0484088453923945,0.0065876444097958285,155.774406025155,ns
qwen_max,C(base_id)[T.STEM]:context_to_prompt_drift,2.577704747540027,13.166882131726926,0.26356223559501746,-1.9412202321546168,7.096629727234671,0.14352870453912078,1207.8892903512287,ns
