covariate,coef,exp(coef),se(coef),coef lower 95%,coef upper 95%,exp(coef) lower 95%,exp(coef) upper 95%,cmp to,z,p,-log2(p),Model,Analysis_Type,Formula
C(adv_id)[T.p1],-0.24847072170201523,0.779992697359443,0.2632799935704672,-0.764490026950068,0.2675485835460375,0.4655712992588988,1.3067571151883695,0.0,-0.9437508651241733,0.3452969745210943,1.5340904014795431,llama_33,Interaction_TimeVarying_Cumulative,C(adv_id) * cumulative_drift + C(base_id) + prompt_to_prompt_drift + context_to_prompt_drift
C(adv_id)[T.p2],0.10675296408357979,1.1126593537024356,0.2480982812128292,-0.3795107317198557,0.5930166598870154,0.6841960827738008,1.8094386515083503,0.0,0.4302849804590245,0.6669883513572183,0.584266529258496,llama_33,Interaction_TimeVarying_Cumulative,C(adv_id) * cumulative_drift + C(base_id) + prompt_to_prompt_drift + context_to_prompt_drift
C(adv_id)[T.p3],0.14750383037074583,1.1589377239824035,0.24752934893602668,-0.3376447786605144,0.6326524394020061,0.7134486750853679,1.8825974382933712,0.0,0.5959044089307882,0.55123908769835,0.8592499034540281,llama_33,Interaction_TimeVarying_Cumulative,C(adv_id) * cumulative_drift + C(base_id) + prompt_to_prompt_drift + context_to_prompt_drift
C(adv_id)[T.p4],-0.18172627425362725,0.8338295497967846,0.2600986785933801,-0.6915103167231114,0.3280577682158569,0.5008191021148456,1.3882691678059673,0.0,-0.6986820357427701,0.4847507630472637,1.0446849256040065,llama_33,Interaction_TimeVarying_Cumulative,C(adv_id) * cumulative_drift + C(base_id) + prompt_to_prompt_drift + context_to_prompt_drift
C(adv_id)[T.p5],-0.3616089428567916,0.6965547072820767,0.26675523772726,-0.8844396014896414,0.1612217157760582,0.41294552250478533,1.1749454438780047,0.0,-1.3555832902764346,0.17523179138488523,2.512663555607424,llama_33,Interaction_TimeVarying_Cumulative,C(adv_id) * cumulative_drift + C(base_id) + prompt_to_prompt_drift + context_to_prompt_drift
C(adv_id)[T.p6],-0.12730812536957156,0.880462338013475,0.2581714709936391,-0.6333149103528314,0.3786986596136882,0.5308292299284839,1.460382897084615,0.0,-0.4931146144056646,0.6219316051396053,0.6851721613985717,llama_33,Interaction_TimeVarying_Cumulative,C(adv_id) * cumulative_drift + C(base_id) + prompt_to_prompt_drift + context_to_prompt_drift
C(adv_id)[T.p7],0.34238509751293417,1.4083025269023761,0.24159054104259164,-0.1311236619360912,0.8158938569619596,0.8771093026497397,2.261195955040081,0.0,1.4172123462920379,0.15642085317080603,2.676495237225144,llama_33,Interaction_TimeVarying_Cumulative,C(adv_id) * cumulative_drift + C(base_id) + prompt_to_prompt_drift + context_to_prompt_drift
C(adv_id)[T.p8],0.32549840189934254,1.3847206214117065,0.2422657217716432,-0.1493336874616794,0.8003304912603645,0.8612816680493184,2.2262765718740765,0.0,1.3435594582635733,0.17909088688331493,2.481236167852431,llama_33,Interaction_TimeVarying_Cumulative,C(adv_id) * cumulative_drift + C(base_id) + prompt_to_prompt_drift + context_to_prompt_drift
cumulative_drift,-0.7407899765400164,0.4767371555562176,3.3590275815715187,-7.324363059496871,5.842783106416839,0.0006592794514873604,344.73744779256253,0.0,-0.22053703298066948,0.8254529341073876,0.27674213736924025,llama_33,Interaction_TimeVarying_Cumulative,C(adv_id) * cumulative_drift + C(base_id) + prompt_to_prompt_drift + context_to_prompt_drift
C(base_id)[T.Humanities],-0.04048280667278106,0.9603256755630494,0.14121989095458795,-0.3172687068444472,0.2363030934988851,0.72813507395839,1.2665581375335984,0.0,-0.2866650469642347,0.7743688032697316,0.3689072624642095,llama_33,Interaction_TimeVarying_Cumulative,C(adv_id) * cumulative_drift + C(base_id) + prompt_to_prompt_drift + context_to_prompt_drift
C(base_id)[T.Legal],0.014860853319235326,1.0149718248289286,0.15002855434363932,-0.27918970984690805,0.3089114164853787,0.7563963937588376,1.36194171957543,0.0,0.09905349941049654,0.9210957925367678,0.11857689271707382,llama_33,Interaction_TimeVarying_Cumulative,C(adv_id) * cumulative_drift + C(base_id) + prompt_to_prompt_drift + context_to_prompt_drift
C(base_id)[T.Medical],-0.14816266181210588,0.8622908417429281,0.14620308324458717,-0.4347154394002082,0.1383901157759964,0.6474488793084507,1.1484234810135419,0.0,-1.0134031275129847,0.31086764616167434,1.6856276202186247,llama_33,Interaction_TimeVarying_Cumulative,C(adv_id) * cumulative_drift + C(base_id) + prompt_to_prompt_drift + context_to_prompt_drift
C(base_id)[T.STEM],0.04267714290348304,1.0436009064954053,0.14048627183618617,-0.2326708902177456,0.3180251760247117,0.7924143219194788,1.3744108629938425,0.0,0.3037815890882681,0.7612942940712404,0.39347382969713834,llama_33,Interaction_TimeVarying_Cumulative,C(adv_id) * cumulative_drift + C(base_id) + prompt_to_prompt_drift + context_to_prompt_drift
prompt_to_prompt_drift,1.6525490144913988,5.220269424708359,5.293343887492205,-8.722214362778564,12.027312391761361,0.0001629260138800965,167261.27533323286,0.0,0.3121937757333799,0.7548932621324496,0.4056554253878863,llama_33,Interaction_TimeVarying_Cumulative,C(adv_id) * cumulative_drift + C(base_id) + prompt_to_prompt_drift + context_to_prompt_drift
context_to_prompt_drift,-3.1509315633901576,0.04281222598244765,1.5191923725674215,-6.128493899210259,-0.1733692275700558,0.002179861580871167,0.84082710097568,0.0,-2.0740833223544373,0.038071573185998527,4.7151420038843925,llama_33,Interaction_TimeVarying_Cumulative,C(adv_id) * cumulative_drift + C(base_id) + prompt_to_prompt_drift + context_to_prompt_drift
C(adv_id)[T.p1]:cumulative_drift,2.3509245050095253,10.495268168905145,4.547757551579436,-6.562516506506228,11.264365516525277,0.0014123271042503346,77992.31042563733,0.0,0.5169414768368752,0.6051970127079899,0.7245232285521526,llama_33,Interaction_TimeVarying_Cumulative,C(adv_id) * cumulative_drift + C(base_id) + prompt_to_prompt_drift + context_to_prompt_drift
C(adv_id)[T.p2]:cumulative_drift,1.7071505505412,5.513229405850094,4.1586578316221745,-6.443669023463699,9.8579701245461,0.0015905601591144453,19110.058998619195,0.0,0.4105051725006404,0.6814354099155369,0.5533511777110738,llama_33,Interaction_TimeVarying_Cumulative,C(adv_id) * cumulative_drift + C(base_id) + prompt_to_prompt_drift + context_to_prompt_drift
C(adv_id)[T.p3]:cumulative_drift,2.4359632100186723,11.426819841670955,4.301589176239921,-5.994996651698893,10.866923071736236,0.0024911853148817695,52413.68874246192,0.0,0.5662937835797657,0.5711940855840094,0.8079470537955511,llama_33,Interaction_TimeVarying_Cumulative,C(adv_id) * cumulative_drift + C(base_id) + prompt_to_prompt_drift + context_to_prompt_drift
C(adv_id)[T.p4]:cumulative_drift,2.077485976896157,7.984370768698553,4.317106932107851,-6.383888127443435,10.53886008123575,0.0016885448989858182,37754.5048463549,0.0,0.48122180190746705,0.6303588673104012,0.665754696932182,llama_33,Interaction_TimeVarying_Cumulative,C(adv_id) * cumulative_drift + C(base_id) + prompt_to_prompt_drift + context_to_prompt_drift
C(adv_id)[T.p5]:cumulative_drift,3.6939057119007472,40.201556424415315,4.3338447603780255,-4.800273933027803,12.188085356829298,0.008227492958241888,196434.70339606373,0.0,0.8523391852131181,0.3940258632160304,1.3436377659445227,llama_33,Interaction_TimeVarying_Cumulative,C(adv_id) * cumulative_drift + C(base_id) + prompt_to_prompt_drift + context_to_prompt_drift
C(adv_id)[T.p6]:cumulative_drift,0.31262114191060864,1.3670035325633088,4.314402949835642,-8.143453254560619,8.768695538381838,0.0002906318376328379,6429.779590773315,0.0,0.07245988507460063,0.9422359285884898,0.08583975013669533,llama_33,Interaction_TimeVarying_Cumulative,C(adv_id) * cumulative_drift + C(base_id) + prompt_to_prompt_drift + context_to_prompt_drift
C(adv_id)[T.p7]:cumulative_drift,-9.47728328487284,7.657167827707956e-05,5.111130507234915,-19.49491499933721,0.5403484295915302,3.4155920230732346e-09,1.7166048739313569,0.0,-1.8542440408159295,0.06370425395267769,3.97246647582504,llama_33,Interaction_TimeVarying_Cumulative,C(adv_id) * cumulative_drift + C(base_id) + prompt_to_prompt_drift + context_to_prompt_drift
C(adv_id)[T.p8]:cumulative_drift,-5.61630090179219,0.003638073841577414,4.879883319831,-15.180696457418705,3.9480946538343247,2.5533320527226617e-07,51.83650619454887,0.0,-1.1509088504162623,0.24976973635156766,2.0013294132198642,llama_33,Interaction_TimeVarying_Cumulative,C(adv_id) * cumulative_drift + C(base_id) + prompt_to_prompt_drift + context_to_prompt_drift
C(adv_id)[T.p1],-0.1133226575615808,0.892862524788919,0.33708723856818734,-0.774001504803289,0.5473561896801274,0.46116402124700034,1.7286766778049654,0.0,-0.33618198672524785,0.7367336357228571,0.44078498422580564,gemini_25,Interaction_TimeVarying_Cumulative,C(adv_id) * cumulative_drift + C(base_id) + prompt_to_prompt_drift + context_to_prompt_drift
C(adv_id)[T.p2],-0.4117338246018649,0.6625005939446966,0.3538166496892658,-1.1052017151234508,0.28173406591972094,0.3311440787358466,1.325426197118239,0.0,-1.1636926214847831,0.2445486006659605,2.0318068854480336,gemini_25,Interaction_TimeVarying_Cumulative,C(adv_id) * cumulative_drift + C(base_id) + prompt_to_prompt_drift + context_to_prompt_drift
C(adv_id)[T.p3],0.019585207128428893,1.019778255535627,0.32791223637639544,-0.6231109662592911,0.6622813805161489,0.5362735110456196,1.9392113707716219,0.0,0.05972697861127674,0.9523730842624597,0.07040124680093923,gemini_25,Interaction_TimeVarying_Cumulative,C(adv_id) * cumulative_drift + C(base_id) + prompt_to_prompt_drift + context_to_prompt_drift
C(adv_id)[T.p4],-0.03388002110364582,0.966687479777026,0.3354917591745371,-0.6914317861957239,0.6236717439884322,0.5008584332473874,1.8657660958183184,0.0,-0.10098614996388029,0.9195614546941537,0.12098210108775363,gemini_25,Interaction_TimeVarying_Cumulative,C(adv_id) * cumulative_drift + C(base_id) + prompt_to_prompt_drift + context_to_prompt_drift
C(adv_id)[T.p5],0.5460582669909899,1.7264344445601336,0.29990551766130874,-0.04174574639001627,1.133862280371996,0.959113607671346,3.1076359124966078,0.0,1.8207676579250802,0.06864218255570083,3.8647607640901467,gemini_25,Interaction_TimeVarying_Cumulative,C(adv_id) * cumulative_drift + C(base_id) + prompt_to_prompt_drift + context_to_prompt_drift
C(adv_id)[T.p6],-0.14903553305555453,0.8615385012596358,0.33629313135595157,-0.8081579587614172,0.5100868926503082,0.44567826831736085,1.6654359027982832,0.0,-0.4431715047364644,0.6576416881386729,0.6046263400213016,gemini_25,Interaction_TimeVarying_Cumulative,C(adv_id) * cumulative_drift + C(base_id) + prompt_to_prompt_drift + context_to_prompt_drift
C(adv_id)[T.p7],0.18051456803370466,1.1978335714332218,0.31864209365754076,-0.444012459493514,0.8050415955609234,0.6414574285428596,2.2367895374004534,0.0,0.5665119945756819,0.5710457814691665,0.8083216819597414,gemini_25,Interaction_TimeVarying_Cumulative,C(adv_id) * cumulative_drift + C(base_id) + prompt_to_prompt_drift + context_to_prompt_drift
C(adv_id)[T.p8],-0.04210568588405057,0.9587684469268977,0.33584833581491425,-0.7003563283489961,0.6161449565808949,0.496408387891921,1.8517755888982956,0.0,-0.12537113153139154,0.9002297414678038,0.15163486613444443,gemini_25,Interaction_TimeVarying_Cumulative,C(adv_id) * cumulative_drift + C(base_id) + prompt_to_prompt_drift + context_to_prompt_drift
cumulative_drift,0.35003853274477637,1.4191222302144373,3.09012839370972,-5.706501826530884,6.406578892020436,0.003324281140711198,605.8175644728838,0.0,0.11327637177060877,0.9098114492488611,0.13636050498122668,gemini_25,Interaction_TimeVarying_Cumulative,C(adv_id) * cumulative_drift + C(base_id) + prompt_to_prompt_drift + context_to_prompt_drift
C(base_id)[T.Humanities],0.12882734539007396,1.137493713677203,0.22746343096685662,-0.3169927871048779,0.5746474778850258,0.7283360085179986,1.7765041595127724,0.0,0.5663650848950977,0.5711456246054523,0.80806945943874,gemini_25,Interaction_TimeVarying_Cumulative,C(adv_id) * cumulative_drift + C(base_id) + prompt_to_prompt_drift + context_to_prompt_drift
C(base_id)[T.Legal],-0.04519417471350749,0.9558118693171628,0.26124637476149637,-0.5572276603376941,0.4668393109106791,0.5727948465404413,1.5949450925499333,0.0,-0.17299445687913295,0.8626557847034283,0.2131430821389023,gemini_25,Interaction_TimeVarying_Cumulative,C(adv_id) * cumulative_drift + C(base_id) + prompt_to_prompt_drift + context_to_prompt_drift
C(base_id)[T.Medical],0.06136847978570431,1.0632906431189844,0.23646307775506534,-0.4020906362877182,0.5248275958591269,0.6689201145067366,1.6901674313951243,0.0,0.25952668961397596,0.7952288919369559,0.3305579216177375,gemini_25,Interaction_TimeVarying_Cumulative,C(adv_id) * cumulative_drift + C(base_id) + prompt_to_prompt_drift + context_to_prompt_drift
C(base_id)[T.STEM],0.13996993300941182,1.1502392141056754,0.2327072860492801,-0.3161279665872373,0.596067832606061,0.7289661608869754,1.8149679925562112,0.0,0.6014849615828985,0.547517025143492,0.8690242686060609,gemini_25,Interaction_TimeVarying_Cumulative,C(adv_id) * cumulative_drift + C(base_id) + prompt_to_prompt_drift + context_to_prompt_drift
prompt_to_prompt_drift,-1.0888756159550184,0.3365947427766767,5.729489669460621,-12.318469017892134,10.140717785982098,4.468449766445759e-06,25354.6591741175,0.0,-0.19004757470092898,0.8492718505951113,0.23570166274882925,gemini_25,Interaction_TimeVarying_Cumulative,C(adv_id) * cumulative_drift + C(base_id) + prompt_to_prompt_drift + context_to_prompt_drift
context_to_prompt_drift,0.4605060552816313,1.5848758168695987,2.1652205864075964,-3.7832483126619536,4.704260423225216,0.022748676464504753,110.41659319465647,0.0,0.21268320566158813,0.8315740670179081,0.26608332703262505,gemini_25,Interaction_TimeVarying_Cumulative,C(adv_id) * cumulative_drift + C(base_id) + prompt_to_prompt_drift + context_to_prompt_drift
C(adv_id)[T.p1]:cumulative_drift,1.0325373357002832,2.8081821034037024,6.27605437866703,-11.268303211502003,13.33337788290257,1.2771387873268784e-05,617465.1341051536,0.0,0.16452013851409356,0.8693216945050704,0.202037946403953,gemini_25,Interaction_TimeVarying_Cumulative,C(adv_id) * cumulative_drift + C(base_id) + prompt_to_prompt_drift + context_to_prompt_drift
C(adv_id)[T.p2]:cumulative_drift,0.953629170653873,2.5951106895841365,6.417688442886985,-11.624809041403557,13.532067382711302,8.941483513809507e-06,753185.9205234485,0.0,0.14859387131994908,0.881874109298414,0.18135537431300686,gemini_25,Interaction_TimeVarying_Cumulative,C(adv_id) * cumulative_drift + C(base_id) + prompt_to_prompt_drift + context_to_prompt_drift
C(adv_id)[T.p3]:cumulative_drift,2.8263855181985535,16.88432232333545,5.646733717778498,-8.241009198935267,13.893780235332372,0.0002636180720866845,1081414.2522995991,0.0,0.5005345850291825,0.6166987100662698,0.6973622662184918,gemini_25,Interaction_TimeVarying_Cumulative,C(adv_id) * cumulative_drift + C(base_id) + prompt_to_prompt_drift + context_to_prompt_drift
C(adv_id)[T.p4]:cumulative_drift,-4.7087731267247275,0.009015832083251414,6.954133106169269,-18.33862355851415,8.921077305064696,1.0855178838705456e-08,7488.151909902506,0.0,-0.6771186364764,0.4983306853950509,1.0048246822059594,gemini_25,Interaction_TimeVarying_Cumulative,C(adv_id) * cumulative_drift + C(base_id) + prompt_to_prompt_drift + context_to_prompt_drift
C(adv_id)[T.p5]:cumulative_drift,3.265139486253932,26.18376301112998,5.213785738649846,-6.95369278460833,13.483971757116194,0.0009551016488051209,717818.3037174364,0.0,0.6262511829071571,0.5311502005150802,0.9128082058039265,gemini_25,Interaction_TimeVarying_Cumulative,C(adv_id) * cumulative_drift + C(base_id) + prompt_to_prompt_drift + context_to_prompt_drift
C(adv_id)[T.p6]:cumulative_drift,2.5460345417462826,12.756418309244788,5.759008650179235,-8.741414999259648,13.833484082752213,0.00015982757193287844,1018136.020665912,0.0,0.4420959745679569,0.6584197572045477,0.6029204675218632,gemini_25,Interaction_TimeVarying_Cumulative,C(adv_id) * cumulative_drift + C(base_id) + prompt_to_prompt_drift + context_to_prompt_drift
C(adv_id)[T.p7]:cumulative_drift,-3.3512845448579403,0.035039315607366235,6.209743996904462,-15.52215913200449,8.81959004228861,1.8147296781277379e-07,6765.490491670893,0.0,-0.5396815950107678,0.5894166348502918,0.7626403172938546,gemini_25,Interaction_TimeVarying_Cumulative,C(adv_id) * cumulative_drift + C(base_id) + prompt_to_prompt_drift + context_to_prompt_drift
C(adv_id)[T.p8]:cumulative_drift,-4.288165898098424,0.013730084592216219,7.205065939705316,-18.409835646157084,9.833503849960234,1.0109041190391284e-08,18648.180312945824,0.0,-0.5951598408652189,0.5517366315262697,0.8579483261856606,gemini_25,Interaction_TimeVarying_Cumulative,C(adv_id) * cumulative_drift + C(base_id) + prompt_to_prompt_drift + context_to_prompt_drift
C(adv_id)[T.p1],0.021161773359208002,1.021387271523047,0.24342032279494996,-0.45593329242400826,0.49825683914242425,0.6338561186934876,1.645849787771423,0.0,0.08693511337191863,0.9307230887318648,0.10357609782010826,deepseek_r1,Interaction_TimeVarying_Cumulative,C(adv_id) * cumulative_drift + C(base_id) + prompt_to_prompt_drift + context_to_prompt_drift
C(adv_id)[T.p2],-0.006205164755053672,0.9938140475207793,0.24298149260926896,-0.48244013917900613,0.4700298096688988,0.6172753149155218,1.6000418892253978,0.0,-0.02553760242567942,0.9796261558607559,0.029696800745740878,deepseek_r1,Interaction_TimeVarying_Cumulative,C(adv_id) * cumulative_drift + C(base_id) + prompt_to_prompt_drift + context_to_prompt_drift
C(adv_id)[T.p3],-0.22304842302160338,0.8000761062539568,0.25132066191766667,-0.7156278689509972,0.2695310229077904,0.4888850596625996,1.3093502514481992,0.0,-0.887505314205621,0.374806906367815,1.4157805578699905,deepseek_r1,Interaction_TimeVarying_Cumulative,C(adv_id) * cumulative_drift + C(base_id) + prompt_to_prompt_drift + context_to_prompt_drift
C(adv_id)[T.p4],0.04238708105582206,1.04329824158614,0.24168006560409946,-0.43129714330949037,0.5160713054211346,0.6496658382338275,1.6754324405541077,0.0,0.1753850941320792,0.8607770522154492,0.21628847783886196,deepseek_r1,Interaction_TimeVarying_Cumulative,C(adv_id) * cumulative_drift + C(base_id) + prompt_to_prompt_drift + context_to_prompt_drift
C(adv_id)[T.p5],-0.10246054703390571,0.9026137598405224,0.24583307926650222,-0.5842845286048304,0.37936343453701893,0.5575045977454497,1.4613540457749417,0.0,-0.4167890966489115,0.6768326782973288,0.5631288696928294,deepseek_r1,Interaction_TimeVarying_Cumulative,C(adv_id) * cumulative_drift + C(base_id) + prompt_to_prompt_drift + context_to_prompt_drift
C(adv_id)[T.p6],0.05310491431665108,1.054540275688294,0.24234011529666236,-0.4218729836740914,0.5280828123073935,0.6558173336116495,1.695678256816647,0.0,0.2191338163375978,0.8265458092463519,0.27483331536843997,deepseek_r1,Interaction_TimeVarying_Cumulative,C(adv_id) * cumulative_drift + C(base_id) + prompt_to_prompt_drift + context_to_prompt_drift
C(adv_id)[T.p7],0.0678957333145358,1.0702537108538817,0.2415936568595891,-0.40561913302358704,0.5414105996526586,0.6665639912972037,1.7184291689194784,0.0,0.2810327646722772,0.778685269528548,0.36088775997583417,deepseek_r1,Interaction_TimeVarying_Cumulative,C(adv_id) * cumulative_drift + C(base_id) + prompt_to_prompt_drift + context_to_prompt_drift
C(adv_id)[T.p8],0.1501781136676084,1.1620411997167954,0.23817539763701615,-0.31663708770444954,0.6169933150396664,0.7285951232802897,1.85334722494399,0.0,0.6305357948703111,0.528344091064083,0.9204502850249942,deepseek_r1,Interaction_TimeVarying_Cumulative,C(adv_id) * cumulative_drift + C(base_id) + prompt_to_prompt_drift + context_to_prompt_drift
cumulative_drift,-1.4980092160970182,0.2235748065301,2.991820368819023,-7.361869387195645,4.3658509550016085,0.0006350102692242565,78.7163555260852,0.0,-0.5007015901453787,0.6165811530031198,0.6976373035358441,deepseek_r1,Interaction_TimeVarying_Cumulative,C(adv_id) * cumulative_drift + C(base_id) + prompt_to_prompt_drift + context_to_prompt_drift
C(base_id)[T.Humanities],0.05099705218076186,1.0523197912301065,0.14412564455229773,-0.23148402039036312,0.3334781247518868,0.7933553729109963,1.3958145124187715,0.0,0.35383746132879884,0.7234606972444788,0.4670134519114964,deepseek_r1,Interaction_TimeVarying_Cumulative,C(adv_id) * cumulative_drift + C(base_id) + prompt_to_prompt_drift + context_to_prompt_drift
C(base_id)[T.Legal],0.11116180000087153,1.117575715978425,0.15267845702568375,-0.18808247698461503,0.4104060769863581,0.8285463684084493,1.5074297933908516,0.0,0.728077832108113,0.46656594297582055,1.0998470933798972,deepseek_r1,Interaction_TimeVarying_Cumulative,C(adv_id) * cumulative_drift + C(base_id) + prompt_to_prompt_drift + context_to_prompt_drift
C(base_id)[T.Medical],-0.14325234447190982,0.8665353758918436,0.1513307524776362,-0.4398551690814223,0.15335048013760266,0.6441297042245828,1.1657334737821918,0.0,-0.9466175389108687,0.34383370340316677,1.5402171267164595,deepseek_r1,Interaction_TimeVarying_Cumulative,C(adv_id) * cumulative_drift + C(base_id) + prompt_to_prompt_drift + context_to_prompt_drift
C(base_id)[T.STEM],-0.006240380173792546,0.9937790505591672,0.1454484070161843,-0.2913140195342367,0.27883325918665164,0.7472809803448007,1.3215869630116848,0.0,-0.04290442433720273,0.9657777218889376,0.05023691041080565,deepseek_r1,Interaction_TimeVarying_Cumulative,C(adv_id) * cumulative_drift + C(base_id) + prompt_to_prompt_drift + context_to_prompt_drift
prompt_to_prompt_drift,-1.4728655477917696,0.22926756582027055,5.02905917279207,-11.329640402585023,8.383909307001483,1.2011567638942522e-05,4376.08298243573,0.0,-0.292870991807013,0.7696207623116729,0.3777803751972232,deepseek_r1,Interaction_TimeVarying_Cumulative,C(adv_id) * cumulative_drift + C(base_id) + prompt_to_prompt_drift + context_to_prompt_drift
context_to_prompt_drift,1.1775164068789479,3.2463016900741226,1.5132888235447095,-1.7884751854756715,4.1435079992335675,0.1672149471535749,63.02352057857168,0.0,0.7781174277893281,0.4364997894268723,1.1959471370071726,deepseek_r1,Interaction_TimeVarying_Cumulative,C(adv_id) * cumulative_drift + C(base_id) + prompt_to_prompt_drift + context_to_prompt_drift
C(adv_id)[T.p1]:cumulative_drift,1.646983764913505,5.19129801383725,4.04767791705679,-6.286319173535906,9.580286703362917,0.0018615995763748836,14476.569188391108,0.0,0.4068959533497382,0.6840844082126267,0.5477537466817216,deepseek_r1,Interaction_TimeVarying_Cumulative,C(adv_id) * cumulative_drift + C(base_id) + prompt_to_prompt_drift + context_to_prompt_drift
C(adv_id)[T.p2]:cumulative_drift,-0.14350617286878645,0.8663154525191235,4.187684916960061,-8.351217788712113,8.06420544297454,0.00023610881263490537,3178.629611059517,0.0,-0.03426861755706324,0.9726629497260213,0.039988130579213514,deepseek_r1,Interaction_TimeVarying_Cumulative,C(adv_id) * cumulative_drift + C(base_id) + prompt_to_prompt_drift + context_to_prompt_drift
C(adv_id)[T.p3]:cumulative_drift,1.012795915167813,2.7532882239238896,4.431867588275249,-7.673504942102064,9.69909677243769,0.0004649852180127657,16302.875339555092,0.0,0.22852576143006179,0.8192375311914715,0.28764628479418014,deepseek_r1,Interaction_TimeVarying_Cumulative,C(adv_id) * cumulative_drift + C(base_id) + prompt_to_prompt_drift + context_to_prompt_drift
C(adv_id)[T.p4]:cumulative_drift,0.5246336409688354,1.68983964694512,4.102367354125607,-7.515858624470228,8.565125906407898,0.0005443823958676271,5245.500321215328,0.0,0.1278855830502916,0.8982395204166685,0.15482789620024776,deepseek_r1,Interaction_TimeVarying_Cumulative,C(adv_id) * cumulative_drift + C(base_id) + prompt_to_prompt_drift + context_to_prompt_drift
C(adv_id)[T.p5]:cumulative_drift,-3.7111810454672893,0.024448631268485285,5.1016588751578835,-13.710248702185865,6.2878866112512855,1.111001494430344e-06,538.0150916978198,0.0,-0.7274459418560081,0.46695281953932255,1.098651306098556,deepseek_r1,Interaction_TimeVarying_Cumulative,C(adv_id) * cumulative_drift + C(base_id) + prompt_to_prompt_drift + context_to_prompt_drift
C(adv_id)[T.p6]:cumulative_drift,-0.9962923409696356,0.36924594440219594,4.320558885296178,-9.464432149234666,7.471847467295396,7.756206144462073e-05,1757.8512602429744,0.0,-0.23059339484070912,0.8176306994913941,0.2904787288802898,deepseek_r1,Interaction_TimeVarying_Cumulative,C(adv_id) * cumulative_drift + C(base_id) + prompt_to_prompt_drift + context_to_prompt_drift
C(adv_id)[T.p7]:cumulative_drift,-2.149211293310497,0.11657606584744606,4.236434996938293,-10.452471310154605,6.154048723533611,2.8876821462640053e-05,470.61894073246185,0.0,-0.5073160085930152,0.6119331078590553,0.708554138430936,deepseek_r1,Interaction_TimeVarying_Cumulative,C(adv_id) * cumulative_drift + C(base_id) + prompt_to_prompt_drift + context_to_prompt_drift
C(adv_id)[T.p8]:cumulative_drift,-2.417427390361963,0.0891506725778649,4.547381711200855,-11.33013176827176,6.495276987547834,1.2005667016561214e-05,662.0075677696226,0.0,-0.5316086363296689,0.5949970820038342,0.749045501742278,deepseek_r1,Interaction_TimeVarying_Cumulative,C(adv_id) * cumulative_drift + C(base_id) + prompt_to_prompt_drift + context_to_prompt_drift
C(adv_id)[T.p1],0.06998046079200987,1.072487225498522,0.35888310343161767,-0.6334174965939239,0.7733784181779435,0.5307747769462348,2.1670751867209224,0.0,0.19499513942802296,0.8453967527611524,0.24229952401898694,CARG,Interaction_TimeVarying_Cumulative,C(adv_id) * cumulative_drift + C(base_id) + prompt_to_prompt_drift + context_to_prompt_drift
C(adv_id)[T.p2],-0.021706977385402306,0.9785269235636469,0.364374012501921,-0.7358669187915148,0.6924529640207102,0.4790899468155475,1.99861204874663,0.0,-0.05957334123900471,0.952495451256327,0.07021589200907635,CARG,Interaction_TimeVarying_Cumulative,C(adv_id) * cumulative_drift + C(base_id) + prompt_to_prompt_drift + context_to_prompt_drift
C(adv_id)[T.p3],0.20716468719247613,1.230185150837924,0.354305804952067,-0.4872619300270482,0.9015913044120005,0.6143061066547051,2.4635202042566813,0.0,0.5847058792065314,0.5587455002069022,0.8397367871244321,CARG,Interaction_TimeVarying_Cumulative,C(adv_id) * cumulative_drift + C(base_id) + prompt_to_prompt_drift + context_to_prompt_drift
C(adv_id)[T.p4],0.13807184550324467,1.1480580301181682,0.3577594573224617,-0.5631238059773748,0.8392674969838642,0.5694275016369077,2.3146708522681223,0.0,0.3859348584006696,0.6995449135337328,0.5155114078300792,CARG,Interaction_TimeVarying_Cumulative,C(adv_id) * cumulative_drift + C(base_id) + prompt_to_prompt_drift + context_to_prompt_drift
C(adv_id)[T.p5],-0.36212546529561684,0.6961950140487062,0.3757405781856788,-1.0985634660698036,0.3743125354785699,0.33334960793004953,1.453991503382796,0.0,-0.9637645926990249,0.33516396206731147,1.5770610608317068,CARG,Interaction_TimeVarying_Cumulative,C(adv_id) * cumulative_drift + C(base_id) + prompt_to_prompt_drift + context_to_prompt_drift
C(adv_id)[T.p6],0.15864308623651394,1.1719195977937693,0.3556227063202919,-0.5383646102359229,0.8556507827089507,0.583702052605946,2.3529051123969267,0.0,0.44609942902136257,0.6555254252424403,0.6092763569120033,CARG,Interaction_TimeVarying_Cumulative,C(adv_id) * cumulative_drift + C(base_id) + prompt_to_prompt_drift + context_to_prompt_drift
C(adv_id)[T.p7],-0.31828737751961583,0.7273937217719607,0.3782815862225294,-1.0597056625304566,0.4231309074912249,0.34655780026557204,1.5267341438219155,0.0,-0.8414033067218315,0.40012203362937504,1.3214880187342595,CARG,Interaction_TimeVarying_Cumulative,C(adv_id) * cumulative_drift + C(base_id) + prompt_to_prompt_drift + context_to_prompt_drift
C(adv_id)[T.p8],0.1266367812921709,1.135004687966925,0.35345503703667164,-0.5661223614539764,0.8193959240383183,0.5677225990832372,2.269128697337661,0.0,0.3582825763465696,0.7201318558817547,0.47366700720694926,CARG,Interaction_TimeVarying_Cumulative,C(adv_id) * cumulative_drift + C(base_id) + prompt_to_prompt_drift + context_to_prompt_drift
cumulative_drift,0.22929338113271727,1.2577109735580285,1.5823769151753353,-2.8721083825785323,3.3306951448439666,0.05657950948352407,27.957769649256402,0.0,0.14490440231637886,0.8847863505784092,0.17659896531014385,CARG,Interaction_TimeVarying_Cumulative,C(adv_id) * cumulative_drift + C(base_id) + prompt_to_prompt_drift + context_to_prompt_drift
C(base_id)[T.Humanities],0.09171232288255729,1.096049468371333,0.23834848484929677,-0.3754421231917551,0.5588667689568697,0.6869854794246955,1.748689707565742,0.0,0.3847824874596759,0.7003985750238864,0.5137519463073019,CARG,Interaction_TimeVarying_Cumulative,C(adv_id) * cumulative_drift + C(base_id) + prompt_to_prompt_drift + context_to_prompt_drift
C(base_id)[T.Legal],0.05409839399525652,1.0555884606114583,0.2659338292671856,-0.46712233363925104,0.5753191216297641,0.6268034065801447,1.7776977382039725,0.0,0.20342802622867312,0.8388004959940396,0.2536003803675806,CARG,Interaction_TimeVarying_Cumulative,C(adv_id) * cumulative_drift + C(base_id) + prompt_to_prompt_drift + context_to_prompt_drift
C(base_id)[T.Medical],-0.08347171099569849,0.9199171098422273,0.2477619209856115,-0.5690761528679557,0.40213273087655865,0.5660481391646639,1.4950097534625097,0.0,-0.3369029052714925,0.7361900951380844,0.4418497553681785,CARG,Interaction_TimeVarying_Cumulative,C(adv_id) * cumulative_drift + C(base_id) + prompt_to_prompt_drift + context_to_prompt_drift
C(base_id)[T.STEM],-0.25670623504722967,0.7735954356155139,0.2602458894905321,-0.7667788055732636,0.25336633547880427,0.46450692814115535,1.2883551606000987,0.0,-0.9863988074884417,0.32393745004593605,1.6262128287539022,CARG,Interaction_TimeVarying_Cumulative,C(adv_id) * cumulative_drift + C(base_id) + prompt_to_prompt_drift + context_to_prompt_drift
prompt_to_prompt_drift,0.7718420085966168,2.16374822808061,3.117583911069716,-5.338510175881549,6.882194193074783,0.0048030210391932565,974.7628328749446,0.0,0.24757697967840095,0.8044617238586431,0.3139043154712658,CARG,Interaction_TimeVarying_Cumulative,C(adv_id) * cumulative_drift + C(base_id) + prompt_to_prompt_drift + context_to_prompt_drift
context_to_prompt_drift,-0.10530971458830417,0.9000457221239265,1.6065586023557932,-3.254106714258665,3.0434872850820565,0.038615299757910664,20.978273041830484,0.0,-0.06554987439230801,0.9477361976664251,0.07744255399336691,CARG,Interaction_TimeVarying_Cumulative,C(adv_id) * cumulative_drift + C(base_id) + prompt_to_prompt_drift + context_to_prompt_drift
C(adv_id)[T.p1]:cumulative_drift,-1.6574955815426855,0.1906157644573084,3.3020674110729353,-8.129428781769056,4.8144376186836855,0.0002947365115988769,123.27746386946967,0.0,-0.5019569182581037,0.6156978261012037,0.6997056201764107,CARG,Interaction_TimeVarying_Cumulative,C(adv_id) * cumulative_drift + C(base_id) + prompt_to_prompt_drift + context_to_prompt_drift
C(adv_id)[T.p2]:cumulative_drift,1.5023458857254286,4.492214942173076,2.9368990428787827,-4.253870464547141,7.258562235997999,0.014209131402300212,1420.2131372658193,0.0,0.5115415490254005,0.6089719024395963,0.7155524302142079,CARG,Interaction_TimeVarying_Cumulative,C(adv_id) * cumulative_drift + C(base_id) + prompt_to_prompt_drift + context_to_prompt_drift
C(adv_id)[T.p3]:cumulative_drift,-2.4278494403704145,0.08822636476752635,3.255768212423409,-8.809037878730647,3.953338997989819,0.0001493769055214892,52.10906875409087,0.0,-0.745707090297826,0.4558443751351,1.1333867212469086,CARG,Interaction_TimeVarying_Cumulative,C(adv_id) * cumulative_drift + C(base_id) + prompt_to_prompt_drift + context_to_prompt_drift
C(adv_id)[T.p4]:cumulative_drift,-3.109915492396932,0.044604724619369,3.3349057609740385,-9.64621067574119,3.426379690947325,6.467015952586237e-05,30.765061860935806,0.0,-0.932534744696536,0.35106023935217967,1.5102094872694136,CARG,Interaction_TimeVarying_Cumulative,C(adv_id) * cumulative_drift + C(base_id) + prompt_to_prompt_drift + context_to_prompt_drift
C(adv_id)[T.p5]:cumulative_drift,3.6648593062466817,39.05064159524721,2.8482752817563948,-1.9176576640515273,9.247376276544891,0.14695076738455584,10377.30279427394,0.0,1.2866942074456857,0.19820089286695677,2.334964633211451,CARG,Interaction_TimeVarying_Cumulative,C(adv_id) * cumulative_drift + C(base_id) + prompt_to_prompt_drift + context_to_prompt_drift
C(adv_id)[T.p6]:cumulative_drift,-0.9108471226159409,0.4021833810482766,3.1450796064868327,-7.0750898798415385,5.253395634609657,0.0008459165195840228,191.2144617662321,0.0,-0.2896101964278704,0.7721144655427434,0.37311335279635055,CARG,Interaction_TimeVarying_Cumulative,C(adv_id) * cumulative_drift + C(base_id) + prompt_to_prompt_drift + context_to_prompt_drift
C(adv_id)[T.p7]:cumulative_drift,0.20051665620459988,1.222033966518305,3.1777260927579674,-6.0277120383342035,6.4287453507434025,0.002411003957536546,619.3963351475858,0.0,0.06310067335934869,0.9496863381062283,0.07447699531663086,CARG,Interaction_TimeVarying_Cumulative,C(adv_id) * cumulative_drift + C(base_id) + prompt_to_prompt_drift + context_to_prompt_drift
C(adv_id)[T.p8]:cumulative_drift,3.1990967106011308,24.51038022807704,2.735320945563947,-2.162033828862251,8.560227250064512,0.11509080783559866,5219.867252848404,0.0,1.1695507672652894,0.242181799774493,2.0458376458819267,CARG,Interaction_TimeVarying_Cumulative,C(adv_id) * cumulative_drift + C(base_id) + prompt_to_prompt_drift + context_to_prompt_drift
C(adv_id)[T.p1],0.010196445686495007,1.010248606573288,0.27258568791049625,-0.5240616853191529,0.5444545766921429,0.5921106899440612,1.7236679972450588,0.0,0.037406386830709244,0.9701609802818414,0.0437039391496511,mistral_large,Interaction_TimeVarying_Cumulative,C(adv_id) * cumulative_drift + C(base_id) + prompt_to_prompt_drift + context_to_prompt_drift
C(adv_id)[T.p2],-0.11993109193144409,0.8869815547971547,0.2793072449851861,-0.6673632327235145,0.4275010488606263,0.5130596146216435,1.5334207880122424,0.0,-0.4293876871608003,0.6676411128202273,0.5828552974133498,mistral_large,Interaction_TimeVarying_Cumulative,C(adv_id) * cumulative_drift + C(base_id) + prompt_to_prompt_drift + context_to_prompt_drift
C(adv_id)[T.p3],0.000915969325177708,1.0009163889531925,0.27692116051052573,-0.5418395318324882,0.5436714704828436,0.5816772537834315,1.7223187105200068,0.0,0.0033076898980527424,0.9973608501108283,0.0038125215810363346,mistral_large,Interaction_TimeVarying_Cumulative,C(adv_id) * cumulative_drift + C(base_id) + prompt_to_prompt_drift + context_to_prompt_drift
C(adv_id)[T.p4],0.20423280990346415,1.2265836810464708,0.2671346441708996,-0.31934147169442173,0.72780709150135,0.7266273842539647,2.070535131502376,0.0,0.7645313491154897,0.44455066230425877,1.1695802526823387,mistral_large,Interaction_TimeVarying_Cumulative,C(adv_id) * cumulative_drift + C(base_id) + prompt_to_prompt_drift + context_to_prompt_drift
C(adv_id)[T.p5],-0.04014166852014908,0.9606533351753558,0.27788315416724224,-0.5847826425983353,0.5044993055580371,0.5572269660557246,1.6561560846846126,0.0,-0.14445520686723626,0.88514102512825,0.17602076393526575,mistral_large,Interaction_TimeVarying_Cumulative,C(adv_id) * cumulative_drift + C(base_id) + prompt_to_prompt_drift + context_to_prompt_drift
C(adv_id)[T.p6],-0.16523848183295622,0.8476915209526735,0.2809496735123874,-0.7158897233855224,0.38541275971961,0.488757059701164,1.47022104424315,0.0,-0.5881426369611732,0.556436556539792,0.8457108903088124,mistral_large,Interaction_TimeVarying_Cumulative,C(adv_id) * cumulative_drift + C(base_id) + prompt_to_prompt_drift + context_to_prompt_drift
C(adv_id)[T.p7],0.22064788006796146,1.2468843004402366,0.2618143022714998,-0.29249872302166147,0.7337944831575843,0.7463961981670502,2.082969423614853,0.0,0.8427648075510824,0.3993599938437492,1.3242382778141282,mistral_large,Interaction_TimeVarying_Cumulative,C(adv_id) * cumulative_drift + C(base_id) + prompt_to_prompt_drift + context_to_prompt_drift
C(adv_id)[T.p8],-0.11102670282918667,0.8949148518515471,0.2783064057974067,-0.6564972348588931,0.4344438292005197,0.5186649177531134,1.5441040345159707,0.0,-0.3989369289257705,0.6899396777985385,0.5354578639316386,mistral_large,Interaction_TimeVarying_Cumulative,C(adv_id) * cumulative_drift + C(base_id) + prompt_to_prompt_drift + context_to_prompt_drift
cumulative_drift,-1.4184753182979302,0.2420828349293379,3.346952295824083,-7.978381276086782,5.141430639490921,0.00034279386227369356,170.9601758290362,0.0,-0.4238110355106435,0.6717036293374334,0.5741032708097417,mistral_large,Interaction_TimeVarying_Cumulative,C(adv_id) * cumulative_drift + C(base_id) + prompt_to_prompt_drift + context_to_prompt_drift
C(base_id)[T.Humanities],-0.12471368311673461,0.8827496125230694,0.16666522332903352,-0.4513715183169651,0.2019441520834959,0.6367542323675351,1.2237796606585365,0.0,-0.748288578898806,0.45428611195981805,1.1383268936374564,mistral_large,Interaction_TimeVarying_Cumulative,C(adv_id) * cumulative_drift + C(base_id) + prompt_to_prompt_drift + context_to_prompt_drift
C(base_id)[T.Legal],0.051283228910400325,1.0526209837615859,0.16532454277721673,-0.272746920693496,0.37531337851429664,0.7612854288395364,1.4554474491180038,0.0,0.3101973128061639,0.7564109138877365,0.4027579154995791,mistral_large,Interaction_TimeVarying_Cumulative,C(adv_id) * cumulative_drift + C(base_id) + prompt_to_prompt_drift + context_to_prompt_drift
C(base_id)[T.Medical],0.06612743649533048,1.068362856909449,0.16027166396792933,-0.24799925262411687,0.38025412561477784,0.780360526500454,1.4626562406255383,0.0,0.4125959315463444,0.679902682539101,0.5565998330328332,mistral_large,Interaction_TimeVarying_Cumulative,C(adv_id) * cumulative_drift + C(base_id) + prompt_to_prompt_drift + context_to_prompt_drift
C(base_id)[T.STEM],-0.15567462725310904,0.8558376113077535,0.16961455927108562,-0.4881130546780712,0.1767638001718531,0.6137834780266617,1.1933491909620035,0.0,-0.9178140598431933,0.3587162201569223,1.4790851134311,mistral_large,Interaction_TimeVarying_Cumulative,C(adv_id) * cumulative_drift + C(base_id) + prompt_to_prompt_drift + context_to_prompt_drift
prompt_to_prompt_drift,-0.6011529721595144,0.5481792361965867,5.397686308279576,-11.180423736232447,9.978117791913418,1.3944523098252284e-05,21549.71330892886,0.0,-0.11137234322739328,0.9113210905066893,0.1339686390324064,mistral_large,Interaction_TimeVarying_Cumulative,C(adv_id) * cumulative_drift + C(base_id) + prompt_to_prompt_drift + context_to_prompt_drift
context_to_prompt_drift,-1.9713279373874686,0.139271789147679,1.528368420020028,-4.966874995735109,1.0242191209601725,0.006964879339491437,2.784919925664047,0.0,-1.2898250916239398,0.19711139392510324,2.3429169218335155,mistral_large,Interaction_TimeVarying_Cumulative,C(adv_id) * cumulative_drift + C(base_id) + prompt_to_prompt_drift + context_to_prompt_drift
C(adv_id)[T.p1]:cumulative_drift,2.3173793167817944,10.14904199984699,4.909256693317492,-7.3045869929826885,11.939345626546277,0.0006724471795569677,153176.4228418956,0.0,0.47204280842275453,0.6368962331896307,0.6508697554628904,mistral_large,Interaction_TimeVarying_Cumulative,C(adv_id) * cumulative_drift + C(base_id) + prompt_to_prompt_drift + context_to_prompt_drift
C(adv_id)[T.p2]:cumulative_drift,3.8468365967005496,46.844640105179096,4.860829851488642,-5.680214847194367,13.373888040595467,0.0034128251287191763,642992.3080785897,0.0,0.7913950321718103,0.4287135080285307,1.2219142201659874,mistral_large,Interaction_TimeVarying_Cumulative,C(adv_id) * cumulative_drift + C(base_id) + prompt_to_prompt_drift + context_to_prompt_drift
C(adv_id)[T.p3]:cumulative_drift,-4.701424357447541,0.00908233139786208,5.5848157560152405,-15.647462099529246,6.244613384634164,1.6010081930015713e-07,515.2299905845042,0.0,-0.8418226424719161,0.3998872359140493,1.3223348626950353,mistral_large,Interaction_TimeVarying_Cumulative,C(adv_id) * cumulative_drift + C(base_id) + prompt_to_prompt_drift + context_to_prompt_drift
C(adv_id)[T.p4]:cumulative_drift,-2.940675432853967,0.05283003354452193,5.1122035258195355,-12.960410225098936,7.079059359391003,2.351610312539653e-06,1186.8515924737212,0.0,-0.5752265961247207,0.5651380577728761,0.8233247478303231,mistral_large,Interaction_TimeVarying_Cumulative,C(adv_id) * cumulative_drift + C(base_id) + prompt_to_prompt_drift + context_to_prompt_drift
C(adv_id)[T.p5]:cumulative_drift,-2.9344186768138663,0.05316161440457596,5.205528611121261,-13.137067275104346,7.268229921476614,1.970807353408002e-06,1434.0098950887866,0.0,-0.5637119485895589,0.5729501843202712,0.8035183868970907,mistral_large,Interaction_TimeVarying_Cumulative,C(adv_id) * cumulative_drift + C(base_id) + prompt_to_prompt_drift + context_to_prompt_drift
C(adv_id)[T.p6]:cumulative_drift,1.9116137689338355,6.763995521540184,4.570458450725187,-7.046320187324265,10.869547725191936,0.0008706067397949773,52551.43720365627,0.0,0.41825427132600296,0.6757612197334253,0.5654145347135593,mistral_large,Interaction_TimeVarying_Cumulative,C(adv_id) * cumulative_drift + C(base_id) + prompt_to_prompt_drift + context_to_prompt_drift
C(adv_id)[T.p7]:cumulative_drift,0.17690505345620677,1.1935177673603123,4.485391409946992,-8.61430056660523,8.968110673517643,0.0001814917124734416,7848.758720667177,0.0,0.03944027115758387,0.9685393731318354,0.04611739632477125,mistral_large,Interaction_TimeVarying_Cumulative,C(adv_id) * cumulative_drift + C(base_id) + prompt_to_prompt_drift + context_to_prompt_drift
C(adv_id)[T.p8]:cumulative_drift,0.6746054852197431,1.9632582887547412,5.206572974736212,-9.530090028142805,10.879300998582291,7.263308467637533e-05,53066.49339674641,0.0,0.1295680457170432,0.8969081859093557,0.1569677870146197,mistral_large,Interaction_TimeVarying_Cumulative,C(adv_id) * cumulative_drift + C(base_id) + prompt_to_prompt_drift + context_to_prompt_drift
C(adv_id)[T.p1],0.22036151701592113,1.2465272899661655,0.29135371243924196,-0.35068126612703265,0.7914043001588749,0.7042081730870989,2.206492829838556,0.0,0.7563367398720711,0.4494473256732403,1.1537760502109047,gpt_default,Interaction_TimeVarying_Cumulative,C(adv_id) * cumulative_drift + C(base_id) + prompt_to_prompt_drift + context_to_prompt_drift
C(adv_id)[T.p2],-0.2675906095444479,0.7652209911560537,0.31850755421996396,-0.8918539446195158,0.35667272553062,0.40989512502775916,1.4285682594204974,0.0,-0.8401389731549275,0.40083047054138154,1.3189359106356127,gpt_default,Interaction_TimeVarying_Cumulative,C(adv_id) * cumulative_drift + C(base_id) + prompt_to_prompt_drift + context_to_prompt_drift
C(adv_id)[T.p3],0.4393318333287643,1.5516700978210642,0.2827192316208609,-0.11478767838496068,0.9934513450424893,0.8915554202991206,2.7005388982596776,0.0,1.55395100223648,0.12019610463689705,3.0565379535145936,gpt_default,Interaction_TimeVarying_Cumulative,C(adv_id) * cumulative_drift + C(base_id) + prompt_to_prompt_drift + context_to_prompt_drift
C(adv_id)[T.p4],0.06300033807456674,1.0650271992898537,0.30291028636790374,-0.5306929137532387,0.6566935899023721,0.5881972584703051,1.9284056817555766,0.0,0.20798348854369653,0.8352418596869144,0.25973407784378655,gpt_default,Interaction_TimeVarying_Cumulative,C(adv_id) * cumulative_drift + C(base_id) + prompt_to_prompt_drift + context_to_prompt_drift
C(adv_id)[T.p5],0.10034341027057654,1.10555051029386,0.29524584830516626,-0.47832781899252547,0.6790146395336786,0.6198189752418289,1.9719337090868245,0.0,0.3398639162805823,0.7339590114534496,0.4462285980641108,gpt_default,Interaction_TimeVarying_Cumulative,C(adv_id) * cumulative_drift + C(base_id) + prompt_to_prompt_drift + context_to_prompt_drift
C(adv_id)[T.p6],-0.3016349193071775,0.7396080322194232,0.3235166084303137,-0.9357158202311395,0.33244598161678457,0.3923049451827412,1.394374575290346,0.0,-0.9323630115025467,0.35114895357880216,1.50984495893007,gpt_default,Interaction_TimeVarying_Cumulative,C(adv_id) * cumulative_drift + C(base_id) + prompt_to_prompt_drift + context_to_prompt_drift
C(adv_id)[T.p7],-0.21535873832094,0.8062521547472963,0.3158735139023887,-0.8344594492397339,0.40374197259785394,0.43410907601321663,1.4974175223529935,0.0,-0.6817878956052332,0.49537307926212193,1.0134126265258139,gpt_default,Interaction_TimeVarying_Cumulative,C(adv_id) * cumulative_drift + C(base_id) + prompt_to_prompt_drift + context_to_prompt_drift
C(adv_id)[T.p8],-0.04689264641337443,0.9541898277924832,0.306360852455035,-0.6473488834982325,0.5535635906714836,0.5234316171349185,1.7394406406825174,0.0,-0.15306344148607212,0.878348245567077,0.1871350451701919,gpt_default,Interaction_TimeVarying_Cumulative,C(adv_id) * cumulative_drift + C(base_id) + prompt_to_prompt_drift + context_to_prompt_drift
cumulative_drift,-0.18443177467666877,0.8315766725514399,3.006526400872702,-6.077115238955998,5.708251689602661,0.002294787025881305,301.34376503464364,0.0,-0.0613438068008097,0.9510854036898541,0.0723531997029854,gpt_default,Interaction_TimeVarying_Cumulative,C(adv_id) * cumulative_drift + C(base_id) + prompt_to_prompt_drift + context_to_prompt_drift
C(base_id)[T.Humanities],-0.281683525506862,0.754512430691631,0.20640870951321236,-0.6862371622481482,0.12287011123442426,0.5034669737868959,1.1307375413052578,0.0,-1.3646881770210924,0.1723510771818953,2.536577779413267,gpt_default,Interaction_TimeVarying_Cumulative,C(adv_id) * cumulative_drift + C(base_id) + prompt_to_prompt_drift + context_to_prompt_drift
C(base_id)[T.Legal],0.056027748758325495,1.0576270311663183,0.20669282019326796,-0.3490827346834929,0.4611382322001439,0.7053347722067347,1.5858780555424319,0.0,0.27106770668636093,0.7863389583565694,0.34677676188421924,gpt_default,Interaction_TimeVarying_Cumulative,C(adv_id) * cumulative_drift + C(base_id) + prompt_to_prompt_drift + context_to_prompt_drift
C(base_id)[T.Medical],-0.12205794016597674,0.8850970843449627,0.20045923949362301,-0.5149508299417671,0.2708349496098136,0.5975299744795679,1.3110586617822328,0.0,-0.6088915655586912,0.5425963152224729,0.8820488445921606,gpt_default,Interaction_TimeVarying_Cumulative,C(adv_id) * cumulative_drift + C(base_id) + prompt_to_prompt_drift + context_to_prompt_drift
C(base_id)[T.STEM],-0.3333945850842297,0.7164874231205499,0.2139439410904332,-0.7527170043320377,0.0859278341635783,0.47108487272444505,1.0897276843576462,0.0,-1.5583268373246675,0.11915579021980291,3.0690790357769058,gpt_default,Interaction_TimeVarying_Cumulative,C(adv_id) * cumulative_drift + C(base_id) + prompt_to_prompt_drift + context_to_prompt_drift
prompt_to_prompt_drift,-0.9133642701572282,0.40117229919447933,5.312588348789106,-11.32584609847099,9.499117558156534,1.2057229752641737e-05,13347.942847794131,0.0,-0.1719245328626696,0.8634968593158017,0.21173716444961677,gpt_default,Interaction_TimeVarying_Cumulative,C(adv_id) * cumulative_drift + C(base_id) + prompt_to_prompt_drift + context_to_prompt_drift
context_to_prompt_drift,-1.1282504594755938,0.3235989108684989,1.5853462117719808,-4.235471937575686,1.9789710186244982,0.014472978243493341,7.235294170524736,0.0,-0.7116744917279111,0.47666636691940545,1.068948260942715,gpt_default,Interaction_TimeVarying_Cumulative,C(adv_id) * cumulative_drift + C(base_id) + prompt_to_prompt_drift + context_to_prompt_drift
C(adv_id)[T.p1]:cumulative_drift,2.4243196287692146,11.29454232287512,4.77145614161935,-6.927562562617158,11.776201820155588,0.000980387591835293,130118.62588388284,0.0,0.5080880043353898,0.611391627388578,0.7098312992991908,gpt_default,Interaction_TimeVarying_Cumulative,C(adv_id) * cumulative_drift + C(base_id) + prompt_to_prompt_drift + context_to_prompt_drift
C(adv_id)[T.p2]:cumulative_drift,3.567258075180279,35.41934271098119,4.970485589744757,-6.174714666394776,13.309230816755333,0.002081399726016469,602733.7384534708,0.0,0.7176880429027587,0.47294965752661167,1.0802414688322148,gpt_default,Interaction_TimeVarying_Cumulative,C(adv_id) * cumulative_drift + C(base_id) + prompt_to_prompt_drift + context_to_prompt_drift
C(adv_id)[T.p3]:cumulative_drift,-7.501205441995514,0.0005524180607003741,5.8069408953615245,-18.882600457256878,3.8801895732658496,6.300729243842719e-09,48.43339587813272,0.0,-1.2917654195494457,0.19643839426306642,2.3478511601461,gpt_default,Interaction_TimeVarying_Cumulative,C(adv_id) * cumulative_drift + C(base_id) + prompt_to_prompt_drift + context_to_prompt_drift
C(adv_id)[T.p4]:cumulative_drift,-2.378516806882843,0.09268794973948456,5.702191478502467,-13.55460673769888,8.797573123933194,1.2981028082458324e-06,6618.163039427196,0.0,-0.4171232789796633,0.6765882384741353,0.5636499967423401,gpt_default,Interaction_TimeVarying_Cumulative,C(adv_id) * cumulative_drift + C(base_id) + prompt_to_prompt_drift + context_to_prompt_drift
C(adv_id)[T.p5]:cumulative_drift,5.93098041276322,376.5234813517176,4.543146487140513,-2.97342307852185,14.835383904048289,0.05112799530196623,2772843.5502294214,0.0,1.3054785773584463,0.19172993716579984,2.382852474477271,gpt_default,Interaction_TimeVarying_Cumulative,C(adv_id) * cumulative_drift + C(base_id) + prompt_to_prompt_drift + context_to_prompt_drift
C(adv_id)[T.p6]:cumulative_drift,-0.7562404181409553,0.46942796647602403,5.580883358095861,-11.694570801927794,10.182089965645885,8.338970404371392e-06,26425.63830113827,0.0,-0.1355055050638035,0.8922122119918033,0.16454120001568548,gpt_default,Interaction_TimeVarying_Cumulative,C(adv_id) * cumulative_drift + C(base_id) + prompt_to_prompt_drift + context_to_prompt_drift
C(adv_id)[T.p7]:cumulative_drift,1.6055823435990069,4.98075927163596,4.952306152532049,-8.100759355779934,11.311924042977948,0.00030330873137133433,81791.1268489522,0.0,0.32420902386620293,0.7457797906944599,0.42317839171508825,gpt_default,Interaction_TimeVarying_Cumulative,C(adv_id) * cumulative_drift + C(base_id) + prompt_to_prompt_drift + context_to_prompt_drift
C(adv_id)[T.p8]:cumulative_drift,1.8886684195647803,6.610560325032671,5.137731328048224,-8.18109994565288,11.95843678478244,0.0002798939026660301,156128.83094148134,0.0,0.36760747088000567,0.7131659433748228,0.4876902849381866,gpt_default,Interaction_TimeVarying_Cumulative,C(adv_id) * cumulative_drift + C(base_id) + prompt_to_prompt_drift + context_to_prompt_drift
C(adv_id)[T.p1],0.03212039659236324,1.0326418243779587,0.25051566963214994,-0.45888129344958517,0.5231220866343117,0.6319902618307849,1.687287291999688,0.0,0.12821711567794505,0.89797715551273,0.15524935153309216,llama_4_scout,Interaction_TimeVarying_Cumulative,C(adv_id) * cumulative_drift + C(base_id) + prompt_to_prompt_drift + context_to_prompt_drift
C(adv_id)[T.p2],0.028526094255509078,1.028936859825543,0.24964955915042478,-0.4607780504356254,0.5178302389466436,0.6307926660197063,1.6783820081297114,0.0,0.11426454888438581,0.9090280842865985,0.13760322793210328,llama_4_scout,Interaction_TimeVarying_Cumulative,C(adv_id) * cumulative_drift + C(base_id) + prompt_to_prompt_drift + context_to_prompt_drift
C(adv_id)[T.p3],-0.1111271773679212,0.8948249402115914,0.2521621625663415,-0.6053559342616848,0.38310157952584234,0.5458800946286005,1.4668270220943977,0.0,-0.44069727288559674,0.6594321711544215,0.6007038226307068,llama_4_scout,Interaction_TimeVarying_Cumulative,C(adv_id) * cumulative_drift + C(base_id) + prompt_to_prompt_drift + context_to_prompt_drift
C(adv_id)[T.p4],-0.0373420067513844,0.9633466079581243,0.24995944834843797,-0.5272535231098228,0.45256950960705394,0.5902237816222407,1.5723471604510724,0.0,-0.14939225941693737,0.8812441192828645,0.18238636984715736,llama_4_scout,Interaction_TimeVarying_Cumulative,C(adv_id) * cumulative_drift + C(base_id) + prompt_to_prompt_drift + context_to_prompt_drift
C(adv_id)[T.p5],0.26366129757797757,1.301687237008229,0.24173284213635352,-0.21012636688978176,0.737448962045737,0.8104818214317893,2.0905955176105313,0.0,1.0907135962487668,0.2753989260673037,1.8604051612692278,llama_4_scout,Interaction_TimeVarying_Cumulative,C(adv_id) * cumulative_drift + C(base_id) + prompt_to_prompt_drift + context_to_prompt_drift
C(adv_id)[T.p6],0.028731141481512613,1.0291478621063601,0.2528116290655568,-0.46677054635987825,0.5242328293229035,0.6270239468346007,1.689162475253083,0.0,0.11364643939722532,0.9095180724868899,0.13682578979985907,llama_4_scout,Interaction_TimeVarying_Cumulative,C(adv_id) * cumulative_drift + C(base_id) + prompt_to_prompt_drift + context_to_prompt_drift
C(adv_id)[T.p7],-0.07715918234889252,0.925742480014731,0.24961408183440348,-0.5663937927783571,0.41207542808057207,0.567568522297866,1.5099483245373895,0.0,-0.3091139000726758,0.7572348859153465,0.40118721715570127,llama_4_scout,Interaction_TimeVarying_Cumulative,C(adv_id) * cumulative_drift + C(base_id) + prompt_to_prompt_drift + context_to_prompt_drift
C(adv_id)[T.p8],-0.1208951266676975,0.8861268857994066,0.25582061664418937,-0.6222943217931366,0.38050406845774154,0.536711634712045,1.463021866775515,0.0,-0.4725777314337635,0.6365144728706595,0.6517347768308857,llama_4_scout,Interaction_TimeVarying_Cumulative,C(adv_id) * cumulative_drift + C(base_id) + prompt_to_prompt_drift + context_to_prompt_drift
cumulative_drift,-1.0524896085894317,0.34906762466927416,2.928885739227824,-6.79300017230894,4.688020955130076,0.0011215987318917266,108.63796750798383,0.0,-0.3593481283660153,0.719334674168331,0.4752649467188609,llama_4_scout,Interaction_TimeVarying_Cumulative,C(adv_id) * cumulative_drift + C(base_id) + prompt_to_prompt_drift + context_to_prompt_drift
C(base_id)[T.Humanities],0.0330346666130721,1.0335863695589942,0.13832583776473065,-0.23807899353713047,0.30414832676327463,0.7881404306343446,1.3554700936713862,0.0,0.23881775919014203,0.8112468987897186,0.30178703685632025,llama_4_scout,Interaction_TimeVarying_Cumulative,C(adv_id) * cumulative_drift + C(base_id) + prompt_to_prompt_drift + context_to_prompt_drift
C(base_id)[T.Legal],0.06534680483503799,1.0675291844765484,0.1515914510535796,-0.23176697959414447,0.3624605892642204,0.7931309174637268,1.4368605921370907,0.0,0.43107183407025595,0.6664161397282795,0.585504753571679,llama_4_scout,Interaction_TimeVarying_Cumulative,C(adv_id) * cumulative_drift + C(base_id) + prompt_to_prompt_drift + context_to_prompt_drift
C(base_id)[T.Medical],0.01579462070675601,1.0159200150438603,0.14270487117938718,-0.2639017872232708,0.29549102863678284,0.7680489681744518,1.343786034137724,0.0,0.11068031929268468,0.9118698530089426,0.133100165033728,llama_4_scout,Interaction_TimeVarying_Cumulative,C(adv_id) * cumulative_drift + C(base_id) + prompt_to_prompt_drift + context_to_prompt_drift
C(base_id)[T.STEM],0.05709104923946584,1.0587522045901352,0.1417099037342819,-0.22065525833236482,0.3348373568112965,0.8019931130817425,1.3977130382293181,0.0,0.4028726838070288,0.6870418875162172,0.5415300350438258,llama_4_scout,Interaction_TimeVarying_Cumulative,C(adv_id) * cumulative_drift + C(base_id) + prompt_to_prompt_drift + context_to_prompt_drift
prompt_to_prompt_drift,0.9119143972300847,2.48908306888544,4.8208981478865764,-8.536872345763456,10.360701140223625,0.00019610264324942345,31593.32490960891,0.0,0.1891586109592166,0.8499685056568864,0.23451870960691887,llama_4_scout,Interaction_TimeVarying_Cumulative,C(adv_id) * cumulative_drift + C(base_id) + prompt_to_prompt_drift + context_to_prompt_drift
context_to_prompt_drift,-0.770327552185099,0.4628614322046981,1.3107938934383412,-3.339436374479281,1.798781270109083,0.035456936525100034,6.042279069172345,0.0,-0.5876801502061122,0.5567470015102931,0.8449062118210946,llama_4_scout,Interaction_TimeVarying_Cumulative,C(adv_id) * cumulative_drift + C(base_id) + prompt_to_prompt_drift + context_to_prompt_drift
C(adv_id)[T.p1]:cumulative_drift,0.6049879110016134,1.8312300710145872,3.774733105269979,-6.793353026578586,8.003328848581813,0.0011212030408050992,2990.8976794962323,0.0,0.16027302967644996,0.8726660034148516,0.19649849992822568,llama_4_scout,Interaction_TimeVarying_Cumulative,C(adv_id) * cumulative_drift + C(base_id) + prompt_to_prompt_drift + context_to_prompt_drift
C(adv_id)[T.p2]:cumulative_drift,-0.7990974367036875,0.4497346950195712,3.7532873422247675,-8.155405451094293,6.557210577686917,0.00028717882543727926,704.3043497248414,0.0,-0.21290601114222743,0.8314002736627569,0.26638487204916006,llama_4_scout,Interaction_TimeVarying_Cumulative,C(adv_id) * cumulative_drift + C(base_id) + prompt_to_prompt_drift + context_to_prompt_drift
C(adv_id)[T.p3]:cumulative_drift,-0.2410153735729922,0.7858295452876071,3.7551476540099418,-7.600969532062554,7.11893878491657,0.0004999664648644198,1235.1389896008081,0.0,-0.06418266224914577,0.948824782448938,0.075786402615951,llama_4_scout,Interaction_TimeVarying_Cumulative,C(adv_id) * cumulative_drift + C(base_id) + prompt_to_prompt_drift + context_to_prompt_drift
C(adv_id)[T.p4]:cumulative_drift,2.0826848321780083,8.025988445243248,3.4653546875597994,-4.709285549096251,8.874655213452266,0.009011213352665567,7148.481342318166,0.0,0.6010019233109364,0.5478387052813469,0.8681768975829548,llama_4_scout,Interaction_TimeVarying_Cumulative,C(adv_id) * cumulative_drift + C(base_id) + prompt_to_prompt_drift + context_to_prompt_drift
C(adv_id)[T.p5]:cumulative_drift,-4.03390140588176,0.017705120173741744,3.9925412975168224,-11.859138555803549,3.791335744040028,7.0736173874315734e-06,44.31555499787333,0.0,-1.0103593439072658,0.31232315882962863,1.6788885454139026,llama_4_scout,Interaction_TimeVarying_Cumulative,C(adv_id) * cumulative_drift + C(base_id) + prompt_to_prompt_drift + context_to_prompt_drift
C(adv_id)[T.p6]:cumulative_drift,-5.992839840969107,0.002496564128555201,4.256876351199024,-14.336164175959471,2.3504844940212584,5.94132085608351e-07,10.490651151429724,0.0,-1.4078021879308564,0.1591896523359767,2.6511815341864127,llama_4_scout,Interaction_TimeVarying_Cumulative,C(adv_id) * cumulative_drift + C(base_id) + prompt_to_prompt_drift + context_to_prompt_drift
C(adv_id)[T.p7]:cumulative_drift,-0.12193626222478791,0.8852047876883656,3.499954734223236,-6.981721488822787,6.737848964373212,0.0009287030743359787,843.7438593671809,0.0,-0.0348393826447158,0.97220781687155,0.040663360970203885,llama_4_scout,Interaction_TimeVarying_Cumulative,C(adv_id) * cumulative_drift + C(base_id) + prompt_to_prompt_drift + context_to_prompt_drift
C(adv_id)[T.p8]:cumulative_drift,-1.8943592727765297,0.15041467895763863,4.000697415649217,-9.735582120491465,5.946863574938406,5.914123740203202e-05,382.5516110211138,0.0,-0.4735072603507858,0.6358513223892218,0.6532386273762666,llama_4_scout,Interaction_TimeVarying_Cumulative,C(adv_id) * cumulative_drift + C(base_id) + prompt_to_prompt_drift + context_to_prompt_drift
C(adv_id)[T.p1],-0.0667976486501667,0.9353844584956997,0.242901602861915,-0.5428760420465715,0.40928074474623805,0.5810746517241304,1.5057343881706264,0.0,-0.2749987973036963,0.7833171623122702,0.35233152702795295,claude_35,Interaction_TimeVarying_Cumulative,C(adv_id) * cumulative_drift + C(base_id) + prompt_to_prompt_drift + context_to_prompt_drift
C(adv_id)[T.p2],-0.31324169467340207,0.7310731947168304,0.2647041961446913,-0.8320523856736233,0.2055689963268192,0.4351552627676862,1.2282237209637197,0.0,-1.1833650513880762,0.23666450185529697,2.0790847675133604,claude_35,Interaction_TimeVarying_Cumulative,C(adv_id) * cumulative_drift + C(base_id) + prompt_to_prompt_drift + context_to_prompt_drift
C(adv_id)[T.p3],0.08519813564025282,1.088932801723156,0.2407390928840725,-0.3866418160833721,0.5570380873638777,0.6793343780022063,1.7454948329801607,0.0,0.35390237048571016,0.7234120504754,0.4671104645238941,claude_35,Interaction_TimeVarying_Cumulative,C(adv_id) * cumulative_drift + C(base_id) + prompt_to_prompt_drift + context_to_prompt_drift
C(adv_id)[T.p4],0.13475576426756095,1.144257281705141,0.2417278669419205,-0.3390221489982935,0.6085336775334155,0.7124666684914055,1.8377347104639083,0.0,0.5574688842140756,0.5772071127481305,0.7928390170554275,claude_35,Interaction_TimeVarying_Cumulative,C(adv_id) * cumulative_drift + C(base_id) + prompt_to_prompt_drift + context_to_prompt_drift
C(adv_id)[T.p5],0.12678309884918723,1.1351707712302228,0.2527010167873024,-0.36850179291057705,0.6220679906089515,0.6917699693153098,1.862776265253092,0.0,0.5017118666993736,0.6158702159369231,0.6993017351221918,claude_35,Interaction_TimeVarying_Cumulative,C(adv_id) * cumulative_drift + C(base_id) + prompt_to_prompt_drift + context_to_prompt_drift
C(adv_id)[T.p6],0.076242625917905,1.0792243902026186,0.24381987071671465,-0.4016355394020679,0.5541207912378779,0.6692246072491914,1.7404101280670912,0.0,0.3127006248251542,0.7545081208165826,0.40639166623777334,claude_35,Interaction_TimeVarying_Cumulative,C(adv_id) * cumulative_drift + C(base_id) + prompt_to_prompt_drift + context_to_prompt_drift
C(adv_id)[T.p7],-0.0562233561817522,0.9453279674630712,0.24400118183414066,-0.5344568847618768,0.42201017239837235,0.5859874624550662,1.5250240377564164,0.0,-0.2304224748385437,0.8177634985722344,0.29024442625648095,claude_35,Interaction_TimeVarying_Cumulative,C(adv_id) * cumulative_drift + C(base_id) + prompt_to_prompt_drift + context_to_prompt_drift
C(adv_id)[T.p8],0.009012213809711693,1.0090529460792768,0.2485465311904028,-0.478130035805839,0.49615446342526237,0.6199415771378182,1.642393227910436,0.0,0.03625966440387676,0.9710753119173052,0.042344906435232976,claude_35,Interaction_TimeVarying_Cumulative,C(adv_id) * cumulative_drift + C(base_id) + prompt_to_prompt_drift + context_to_prompt_drift
cumulative_drift,-0.0910281131382318,0.912992043466949,1.7525973034223026,-3.526055707247962,3.3439994809714984,0.029420731289109825,28.332214561318466,0.0,-0.051938978201370556,0.9585773160613793,0.0610332947103425,claude_35,Interaction_TimeVarying_Cumulative,C(adv_id) * cumulative_drift + C(base_id) + prompt_to_prompt_drift + context_to_prompt_drift
C(base_id)[T.Humanities],-0.005951684006484921,0.9940659921796944,0.12751005343707014,-0.2558667964099201,0.2439634283969503,0.7742450941499045,1.276297653384779,0.0,-0.04667619412003656,0.9627713040010075,0.05473495285933531,claude_35,Interaction_TimeVarying_Cumulative,C(adv_id) * cumulative_drift + C(base_id) + prompt_to_prompt_drift + context_to_prompt_drift
C(base_id)[T.Legal],0.08646865690894508,1.0903171932711484,0.13555497755406376,-0.17921421702215534,0.35215153084004547,0.8359268104636941,1.4221240030371132,0.0,0.6378862544863655,0.5235477260908115,0.9336070370892551,claude_35,Interaction_TimeVarying_Cumulative,C(adv_id) * cumulative_drift + C(base_id) + prompt_to_prompt_drift + context_to_prompt_drift
C(base_id)[T.Medical],-0.11088798936019181,0.8950389972052196,0.13392986407959173,-0.37338569941053623,0.15160972069015263,0.6883996662873154,1.1637059774281973,0.0,-0.8279556626316994,0.4076956098114063,1.2944356733501199,claude_35,Interaction_TimeVarying_Cumulative,C(adv_id) * cumulative_drift + C(base_id) + prompt_to_prompt_drift + context_to_prompt_drift
C(base_id)[T.STEM],0.06385872709155542,1.0659417994257152,0.1288634535379022,-0.18870900076618352,0.3164264549492944,0.8280274269860555,1.3722153188798498,0.0,0.49555343534831503,0.6202095126789839,0.6891724409304618,claude_35,Interaction_TimeVarying_Cumulative,C(adv_id) * cumulative_drift + C(base_id) + prompt_to_prompt_drift + context_to_prompt_drift
prompt_to_prompt_drift,-1.0378424225159013,0.354218111104836,3.3844279382543623,-7.671199289765601,5.595514444733798,0.00046605854915583814,269.21611128460125,0.0,-0.3066522441754824,0.7591080830678171,0.39762278130911566,claude_35,Interaction_TimeVarying_Cumulative,C(adv_id) * cumulative_drift + C(base_id) + prompt_to_prompt_drift + context_to_prompt_drift
context_to_prompt_drift,-0.6511501895610532,0.5214456703424213,0.8504979238939955,-2.318095489319372,1.0157951101972658,0.09846092703802285,2.7615582678177995,0.0,-0.7656105573776937,0.44390806078802725,1.171667188537206,claude_35,Interaction_TimeVarying_Cumulative,C(adv_id) * cumulative_drift + C(base_id) + prompt_to_prompt_drift + context_to_prompt_drift
C(adv_id)[T.p1]:cumulative_drift,2.5570015776509307,12.897088363694232,2.1860764848707306,-1.727629600145622,6.841632755447483,0.17770514336564272,936.0161732555465,0.0,1.1696761734309282,0.24213131011224584,2.0461384479214217,claude_35,Interaction_TimeVarying_Cumulative,C(adv_id) * cumulative_drift + C(base_id) + prompt_to_prompt_drift + context_to_prompt_drift
C(adv_id)[T.p2]:cumulative_drift,0.03822676131787263,1.0389668036499407,2.6500896090825337,-5.155853428287724,5.232306950923469,0.0057655574850047206,187.2242227909537,0.0,0.014424705182368082,0.9884911495540571,0.016700046031141676,claude_35,Interaction_TimeVarying_Cumulative,C(adv_id) * cumulative_drift + C(base_id) + prompt_to_prompt_drift + context_to_prompt_drift
C(adv_id)[T.p3]:cumulative_drift,0.40626438662538344,1.5011993970381192,2.2472807054696804,-3.9983248592469547,4.810853632497722,0.018346345873935355,122.83642994375795,0.0,0.18078043638988767,0.8565399195861871,0.22340760929384434,claude_35,Interaction_TimeVarying_Cumulative,C(adv_id) * cumulative_drift + C(base_id) + prompt_to_prompt_drift + context_to_prompt_drift
C(adv_id)[T.p4]:cumulative_drift,0.14139339974274254,1.151877707255906,2.245356943478323,-4.259425341911708,4.542212141397194,0.0141304202377335,93.89828682730978,0.0,0.06297145768000141,0.9497892326703918,0.07432069377753003,claude_35,Interaction_TimeVarying_Cumulative,C(adv_id) * cumulative_drift + C(base_id) + prompt_to_prompt_drift + context_to_prompt_drift
C(adv_id)[T.p5]:cumulative_drift,-4.287201247303329,0.013743335719562514,2.748787970005405,-9.67472666965089,1.1003241750442303,6.285207114759289e-05,3.0051400574702716,0.0,-1.5596696777215957,0.11883796127770974,3.072932334515291,claude_35,Interaction_TimeVarying_Cumulative,C(adv_id) * cumulative_drift + C(base_id) + prompt_to_prompt_drift + context_to_prompt_drift
C(adv_id)[T.p6]:cumulative_drift,2.3549306947232918,10.537398539066627,2.3524059345919164,-2.2557002140951505,6.965561603541734,0.10480013550649231,1059.5097748155567,0.0,1.0010732672002944,0.3167913881054204,1.658394978240286,claude_35,Interaction_TimeVarying_Cumulative,C(adv_id) * cumulative_drift + C(base_id) + prompt_to_prompt_drift + context_to_prompt_drift
C(adv_id)[T.p7]:cumulative_drift,3.579896429288821,35.86982559132389,2.189234482964878,-0.710924311035507,7.870717169613149,0.4911899752573454,2619.443499997923,0.0,1.6352274994502054,0.10200136543092667,3.2933396300705757,claude_35,Interaction_TimeVarying_Cumulative,C(adv_id) * cumulative_drift + C(base_id) + prompt_to_prompt_drift + context_to_prompt_drift
C(adv_id)[T.p8]:cumulative_drift,-0.9570567240273978,0.38402150551110686,2.4498818939401112,-5.758737002526792,3.8446235544719967,0.003155093958757202,46.74108556599273,0.0,-0.3906542296568333,0.6960528350428106,0.5227312745013072,claude_35,Interaction_TimeVarying_Cumulative,C(adv_id) * cumulative_drift + C(base_id) + prompt_to_prompt_drift + context_to_prompt_drift
C(adv_id)[T.p1],0.03618993191516949,1.0368527592206334,0.30158755892885114,-0.5549108217707299,0.6272906856010689,0.5741234582269589,1.8725304268589096,0.0,0.11999809290444642,0.9044846586846267,0.1448320619438981,llama_4_maverick,Interaction_TimeVarying_Cumulative,C(adv_id) * cumulative_drift + C(base_id) + prompt_to_prompt_drift + context_to_prompt_drift
C(adv_id)[T.p2],-0.21769382693611108,0.804371680910774,0.3142102787401538,-0.8335346568391039,0.39814700296688177,0.4345107224789324,1.489062910484551,0.0,-0.6928284708220508,0.4884172027697462,1.033814079833283,llama_4_maverick,Interaction_TimeVarying_Cumulative,C(adv_id) * cumulative_drift + C(base_id) + prompt_to_prompt_drift + context_to_prompt_drift
C(adv_id)[T.p3],0.047782544091389566,1.0489425317706358,0.2987669409769762,-0.5377898999946878,0.633354988177467,0.5840376085678963,1.883920519528461,0.0,0.15993250101614093,0.8729342459325766,0.19605510843207036,llama_4_maverick,Interaction_TimeVarying_Cumulative,C(adv_id) * cumulative_drift + C(base_id) + prompt_to_prompt_drift + context_to_prompt_drift
C(adv_id)[T.p4],0.0325089460848216,1.0330431347941424,0.29807421357155234,-0.5517057772355212,0.6167236694051643,0.5759665014193479,1.8528475453268087,0.0,0.10906326211615708,0.9131523136060973,0.13107257338904615,llama_4_maverick,Interaction_TimeVarying_Cumulative,C(adv_id) * cumulative_drift + C(base_id) + prompt_to_prompt_drift + context_to_prompt_drift
C(adv_id)[T.p5],0.21779265453928975,1.2433292422159803,0.2901476228334762,-0.3508862364142351,0.7864715454928146,0.7040638461274853,2.195635542219636,0.0,0.7506270511969246,0.4528771363939076,1.142808388450862,llama_4_maverick,Interaction_TimeVarying_Cumulative,C(adv_id) * cumulative_drift + C(base_id) + prompt_to_prompt_drift + context_to_prompt_drift
C(adv_id)[T.p6],-0.385620354513463,0.6800286464863757,0.3213765082236611,-1.0155067361090793,0.24426602708215328,0.36221883395653476,1.2766839178152276,0.0,-1.1999021230422093,0.23017735535639336,2.119182185491808,llama_4_maverick,Interaction_TimeVarying_Cumulative,C(adv_id) * cumulative_drift + C(base_id) + prompt_to_prompt_drift + context_to_prompt_drift
C(adv_id)[T.p7],-0.09544973282225637,0.9089640515628526,0.3066942901488483,-0.6965594957780765,0.5056600301335639,0.49829675005649066,1.6580795418390555,0.0,-0.31122109503874895,0.7556325472867482,0.4042432507604576,llama_4_maverick,Interaction_TimeVarying_Cumulative,C(adv_id) * cumulative_drift + C(base_id) + prompt_to_prompt_drift + context_to_prompt_drift
C(adv_id)[T.p8],0.3588102953907634,1.4316251899122558,0.28498084669682383,-0.19974190041874168,0.9173624912002685,0.8189420944148967,2.502680834663444,0.0,1.259068107733159,0.2080057326200254,2.265304805422366,llama_4_maverick,Interaction_TimeVarying_Cumulative,C(adv_id) * cumulative_drift + C(base_id) + prompt_to_prompt_drift + context_to_prompt_drift
cumulative_drift,-0.763491390365666,0.4660364680195991,3.368833955923397,-7.3662846138711195,5.839301833139787,0.0006322127353620892,343.53940908797233,0.0,-0.22663372560206613,0.8207085653212689,0.28505808483108747,llama_4_maverick,Interaction_TimeVarying_Cumulative,C(adv_id) * cumulative_drift + C(base_id) + prompt_to_prompt_drift + context_to_prompt_drift
C(base_id)[T.Humanities],-0.04194122411688287,0.9589261406469224,0.19589219780717482,-0.42588287667134167,0.3420004284375759,0.6531928417605247,1.407760900651641,0.0,-0.2141035967045887,0.8304662710671686,0.26800651977891377,llama_4_maverick,Interaction_TimeVarying_Cumulative,C(adv_id) * cumulative_drift + C(base_id) + prompt_to_prompt_drift + context_to_prompt_drift
C(base_id)[T.Legal],0.22253940039095813,1.2492450394239634,0.194874562332483,-0.15940772328371436,0.6044865240656306,0.8526486433833436,1.8303121463171572,0.0,1.1419622844939357,0.2534696970711359,1.9801148151079895,llama_4_maverick,Interaction_TimeVarying_Cumulative,C(adv_id) * cumulative_drift + C(base_id) + prompt_to_prompt_drift + context_to_prompt_drift
C(base_id)[T.Medical],-0.16167307820007787,0.8507192777611715,0.20950099480853743,-0.5722874827501241,0.24894132634996835,0.5642332874640265,1.282666772120621,0.0,-0.7717055393833838,0.4402888491340591,1.1834777882067153,llama_4_maverick,Interaction_TimeVarying_Cumulative,C(adv_id) * cumulative_drift + C(base_id) + prompt_to_prompt_drift + context_to_prompt_drift
C(base_id)[T.STEM],0.03649579297102037,1.0371699406045742,0.18958350904946647,-0.33508105682865735,0.40807264277069805,0.7152801056657594,1.5039164058567651,0.0,0.192505103181194,0.8473465709101169,0.23897593186073704,llama_4_maverick,Interaction_TimeVarying_Cumulative,C(adv_id) * cumulative_drift + C(base_id) + prompt_to_prompt_drift + context_to_prompt_drift
prompt_to_prompt_drift,-1.424759314732329,0.24056635701900075,5.8589776329966945,-12.908144461631585,10.058625832166927,2.477787677022357e-06,23356.388711618878,0.0,-0.24317541454815328,0.8078695116483756,0.30780580946051145,llama_4_maverick,Interaction_TimeVarying_Cumulative,C(adv_id) * cumulative_drift + C(base_id) + prompt_to_prompt_drift + context_to_prompt_drift
context_to_prompt_drift,2.82655607115233,16.887202239962367,1.6287266233464206,-0.3656894512681883,6.018801593572848,0.6937182010695248,411.0856527242959,0.0,1.7354392263477711,0.08266303721388504,3.596613817437649,llama_4_maverick,Interaction_TimeVarying_Cumulative,C(adv_id) * cumulative_drift + C(base_id) + prompt_to_prompt_drift + context_to_prompt_drift
C(adv_id)[T.p1]:cumulative_drift,-5.355166941957583,0.004723680851150086,5.95959391438786,-17.03575637664187,6.3254224927267035,3.994523776814874e-08,558.5937656206397,0.0,-0.8985791681256926,0.3688768589004854,1.4387888089630398,llama_4_maverick,Interaction_TimeVarying_Cumulative,C(adv_id) * cumulative_drift + C(base_id) + prompt_to_prompt_drift + context_to_prompt_drift
C(adv_id)[T.p2]:cumulative_drift,-0.17865586061682834,0.8363936858820117,5.595136397480457,-11.144921688267708,10.78760996703405,1.444847495722754e-05,48417.178965546125,0.0,-0.03193056396217236,0.97452742454411,0.037225309407203165,llama_4_maverick,Interaction_TimeVarying_Cumulative,C(adv_id) * cumulative_drift + C(base_id) + prompt_to_prompt_drift + context_to_prompt_drift
C(adv_id)[T.p3]:cumulative_drift,-4.052930250594607,0.017371397440306528,6.131024797918662,-16.069518042837146,7.963657541647932,1.0497768398671864e-07,2874.567599217243,0.0,-0.6610526599028732,0.5085785431529526,0.9754574986474417,llama_4_maverick,Interaction_TimeVarying_Cumulative,C(adv_id) * cumulative_drift + C(base_id) + prompt_to_prompt_drift + context_to_prompt_drift
C(adv_id)[T.p4]:cumulative_drift,1.5802196853525903,4.8560224910793135,5.031110382106872,-8.280575465822428,11.441014836527609,0.00025339134001414965,93061.40625228689,0.0,0.3140896472819671,0.7534529522314857,0.4084106662778658,llama_4_maverick,Interaction_TimeVarying_Cumulative,C(adv_id) * cumulative_drift + C(base_id) + prompt_to_prompt_drift + context_to_prompt_drift
C(adv_id)[T.p5]:cumulative_drift,0.33966726130398955,1.4044801879001354,5.145779086251964,-9.745874420149287,10.425208942757267,5.853565980341055e-05,33698.51138312563,0.0,0.06600890858519022,0.9473707329000839,0.07799899142077762,llama_4_maverick,Interaction_TimeVarying_Cumulative,C(adv_id) * cumulative_drift + C(base_id) + prompt_to_prompt_drift + context_to_prompt_drift
C(adv_id)[T.p6]:cumulative_drift,6.974082969954349,1068.5768227775754,4.478713087083712,-1.8040333778179285,15.752199317726626,0.1646335180990792,6935746.981305651,0.0,1.5571622549493302,0.11943196737268671,3.0657390522768964,llama_4_maverick,Interaction_TimeVarying_Cumulative,C(adv_id) * cumulative_drift + C(base_id) + prompt_to_prompt_drift + context_to_prompt_drift
C(adv_id)[T.p7]:cumulative_drift,-1.5585640442012973,0.210438034061496,5.10221397211284,-11.558719670959515,8.44159158255692,9.55238524331475e-06,4635.9275774246735,0.0,-0.30546818552101845,0.7600095970210456,0.395910458584755,llama_4_maverick,Interaction_TimeVarying_Cumulative,C(adv_id) * cumulative_drift + C(base_id) + prompt_to_prompt_drift + context_to_prompt_drift
C(adv_id)[T.p8]:cumulative_drift,-2.629544543885213,0.07211129829226023,5.012711102058174,-12.454277768823317,7.1951886810528904,3.900999448462763e-06,1333.0018140465193,0.0,-0.5245753226842748,0.5998784452969408,0.7372579010554374,llama_4_maverick,Interaction_TimeVarying_Cumulative,C(adv_id) * cumulative_drift + C(base_id) + prompt_to_prompt_drift + context_to_prompt_drift
C(adv_id)[T.p1],0.0495802055558471,1.0508298712288793,0.24914504311530117,-0.4387351058768222,0.5378955169885163,0.6448515743999177,1.712399352198967,0.0,0.19900137259765593,0.8422616708905247,0.24765958054095105,qwen_max,Interaction_TimeVarying_Cumulative,C(adv_id) * cumulative_drift + C(base_id) + prompt_to_prompt_drift + context_to_prompt_drift
C(adv_id)[T.p2],0.023438031478960123,1.023714860685123,0.2504994563641765,-0.4675318811416886,0.5144079440996089,0.6265467533698883,1.6726479075199479,0.0,0.09356519897945757,0.925454555489896,0.11176594669217599,qwen_max,Interaction_TimeVarying_Cumulative,C(adv_id) * cumulative_drift + C(base_id) + prompt_to_prompt_drift + context_to_prompt_drift
C(adv_id)[T.p3],0.045526006946438324,1.0465782225637972,0.24990834925471037,-0.44428535702865124,0.5353373709215279,0.6412824002751926,1.7080243828222348,0.0,0.18217081214856704,0.8554486782279997,0.22524679059574454,qwen_max,Interaction_TimeVarying_Cumulative,C(adv_id) * cumulative_drift + C(base_id) + prompt_to_prompt_drift + context_to_prompt_drift
C(adv_id)[T.p4],0.06345794136511249,1.0655146707665388,0.24981648281755356,-0.42617336770176173,0.5530892504319868,0.6530031226560419,1.7386157496473975,0.0,0.254018232301578,0.799481472638004,0.3228634941310806,qwen_max,Interaction_TimeVarying_Cumulative,C(adv_id) * cumulative_drift + C(base_id) + prompt_to_prompt_drift + context_to_prompt_drift
C(adv_id)[T.p5],-0.07398047645327388,0.9286898249834866,0.25181288059678675,-0.5675246532662609,0.41956370035971313,0.5669270442612667,1.521297669176626,0.0,-0.29379147038842107,0.7689172532611319,0.3790997434271917,qwen_max,Interaction_TimeVarying_Cumulative,C(adv_id) * cumulative_drift + C(base_id) + prompt_to_prompt_drift + context_to_prompt_drift
C(adv_id)[T.p6],-0.028049710197425495,0.9723400303849753,0.25345858698890456,-0.5248194122680908,0.4687199918732398,0.5916622016548263,1.5979474978200894,0.0,-0.11066782361038494,0.9118797622468193,0.1330844874338818,qwen_max,Interaction_TimeVarying_Cumulative,C(adv_id) * cumulative_drift + C(base_id) + prompt_to_prompt_drift + context_to_prompt_drift
C(adv_id)[T.p7],0.03770708825904884,1.038427020860506,0.24950522584095713,-0.4513141683437596,0.5267283448618573,0.6367907512528685,1.6933830705481185,0.0,0.15112744886187104,0.8798751801141964,0.18462921864037526,qwen_max,Interaction_TimeVarying_Cumulative,C(adv_id) * cumulative_drift + C(base_id) + prompt_to_prompt_drift + context_to_prompt_drift
C(adv_id)[T.p8],-0.11862073088186316,0.8881445827050783,0.25182927928615495,-0.6121970485354056,0.37495558677167923,0.5421584112668966,1.4549267951872886,0.0,-0.4710362957719217,0.6376148157849102,0.6492429423295527,qwen_max,Interaction_TimeVarying_Cumulative,C(adv_id) * cumulative_drift + C(base_id) + prompt_to_prompt_drift + context_to_prompt_drift
cumulative_drift,-1.631032015167283,0.19572747613672378,3.2577017022983976,-8.016010024046967,4.753945993712401,0.0003301346276748028,116.04128044570979,0.0,-0.5006695407429554,0.6166037122302506,0.6975845197464398,qwen_max,Interaction_TimeVarying_Cumulative,C(adv_id) * cumulative_drift + C(base_id) + prompt_to_prompt_drift + context_to_prompt_drift
C(base_id)[T.Humanities],0.04792676887963363,1.0490938261951015,0.16406757644431905,-0.27363977198200384,0.36949330974127115,0.7606060175152476,1.447001247447552,0.0,0.29211602876269055,0.770197911735061,0.37669888337743884,qwen_max,Interaction_TimeVarying_Cumulative,C(adv_id) * cumulative_drift + C(base_id) + prompt_to_prompt_drift + context_to_prompt_drift
C(base_id)[T.Legal],-0.05389433840674937,0.9475322189765968,0.1814091739263166,-0.4094497857674926,0.3016611089539938,0.6640155004230901,1.3521029334806973,0.0,-0.2970871717250626,0.7663999579594862,0.38383061295163345,qwen_max,Interaction_TimeVarying_Cumulative,C(adv_id) * cumulative_drift + C(base_id) + prompt_to_prompt_drift + context_to_prompt_drift
C(base_id)[T.Medical],0.08374071838938722,1.0873469281933195,0.16202883144317887,-0.2338299556963544,0.40131139247512887,0.7914963939062872,1.493782348667825,0.0,0.5168260342527612,0.6052776045587898,0.7243311229730709,qwen_max,Interaction_TimeVarying_Cumulative,C(adv_id) * cumulative_drift + C(base_id) + prompt_to_prompt_drift + context_to_prompt_drift
C(base_id)[T.STEM],-0.053951834551083246,0.9474777410935226,0.16844243257852382,-0.38409293587330623,0.2761892667711397,0.6810681285769269,1.3180973124427846,0.0,-0.32029835787328825,0.7487421678698853,0.4174590880502111,qwen_max,Interaction_TimeVarying_Cumulative,C(adv_id) * cumulative_drift + C(base_id) + prompt_to_prompt_drift + context_to_prompt_drift
prompt_to_prompt_drift,-5.635179743507763,0.0035700354848440443,5.705246292257362,-16.817256999262874,5.546897512247346,4.970019405805237e-08,256.44071627081894,0.0,-0.9877189265527963,0.32329032260072743,1.6290977725297668,qwen_max,Interaction_TimeVarying_Cumulative,C(adv_id) * cumulative_drift + C(base_id) + prompt_to_prompt_drift + context_to_prompt_drift
context_to_prompt_drift,0.08553750766191141,1.0893024177646513,1.7903299883202308,-3.4234447898877565,3.5945198052115797,0.03259994134358079,36.39821755635038,0.0,0.04777750929713611,0.9618935610631155,0.05605083438702135,qwen_max,Interaction_TimeVarying_Cumulative,C(adv_id) * cumulative_drift + C(base_id) + prompt_to_prompt_drift + context_to_prompt_drift
C(adv_id)[T.p1]:cumulative_drift,-7.964680116252076,0.0003475228581575635,7.321330339199063,-22.31422390000266,6.3848636674985055,2.0373033169961891e-10,592.8039086495431,0.0,-1.0878733436747772,0.2766510253401364,1.8538608240963639,qwen_max,Interaction_TimeVarying_Cumulative,C(adv_id) * cumulative_drift + C(base_id) + prompt_to_prompt_drift + context_to_prompt_drift
C(adv_id)[T.p2]:cumulative_drift,6.163271891763277,474.9796171084434,5.416677853087364,-4.453221616143698,16.779765399670254,0.011641003650296126,19380256.50071371,0.0,1.1378324609521266,0.2551904475662585,1.9703537685538504,qwen_max,Interaction_TimeVarying_Cumulative,C(adv_id) * cumulative_drift + C(base_id) + prompt_to_prompt_drift + context_to_prompt_drift
C(adv_id)[T.p3]:cumulative_drift,-5.6415036163605325,0.0035475302694195944,6.885926290613905,-19.137671146161274,7.854663913440211,4.882193911102672e-09,2577.72862807202,0.0,-0.8192802795537291,0.41262652122174437,1.2770915426754887,qwen_max,Interaction_TimeVarying_Cumulative,C(adv_id) * cumulative_drift + C(base_id) + prompt_to_prompt_drift + context_to_prompt_drift
C(adv_id)[T.p4]:cumulative_drift,4.234627278735353,69.03594277374962,5.573821062668744,-6.689861260366156,15.159115817836861,0.0012434552775242595,3832836.999292441,0.0,0.759735059867138,0.4474129674081191,1.1603210241311979,qwen_max,Interaction_TimeVarying_Cumulative,C(adv_id) * cumulative_drift + C(base_id) + prompt_to_prompt_drift + context_to_prompt_drift
C(adv_id)[T.p5]:cumulative_drift,4.009532799274097,55.12111192320153,5.6910983739159064,-7.1448150460755455,15.163880644623738,0.0007889441337107523,3851143.3824337735,0.0,0.7045270588979882,0.48110460504677266,1.0555774861836154,qwen_max,Interaction_TimeVarying_Cumulative,C(adv_id) * cumulative_drift + C(base_id) + prompt_to_prompt_drift + context_to_prompt_drift
C(adv_id)[T.p6]:cumulative_drift,-3.417543774748396,0.03279288280635464,6.244227368113897,-15.656004527530964,8.820916978034173,1.5873899450477084e-07,6774.473821673285,0.0,-0.5473125133463363,0.5841640484109665,0.7755545227100444,qwen_max,Interaction_TimeVarying_Cumulative,C(adv_id) * cumulative_drift + C(base_id) + prompt_to_prompt_drift + context_to_prompt_drift
C(adv_id)[T.p7]:cumulative_drift,-5.244228617877442,0.005277891395835739,6.432287732384912,-17.851280911550685,7.362823675795799,1.7672061132464982e-08,1576.2811919580215,0.0,-0.8152975793470963,0.41490199404211914,1.2691575039883232,qwen_max,Interaction_TimeVarying_Cumulative,C(adv_id) * cumulative_drift + C(base_id) + prompt_to_prompt_drift + context_to_prompt_drift
C(adv_id)[T.p8]:cumulative_drift,12.016179098800603,165409.43422670435,4.469906375911453,3.255323587748199,20.777034609853004,25.928003160855525,1055240573.7324682,0.0,2.6882395487199435,0.007182984642959512,7.121200853582857,qwen_max,Interaction_TimeVarying_Cumulative,C(adv_id) * cumulative_drift + C(base_id) + prompt_to_prompt_drift + context_to_prompt_drift
