conversation_id,model,prompt0_id,model_prompt0_interaction,time_to_failure,censored,avg_prompt_to_prompt_drift,avg_context_to_prompt_drift,avg_prompt_complexity
0,llama_4_maverick,-3868762744116692312,llama_4_maverick_-3868762744116692312,2,0,0.029240936040878296,0.1587187780274285,28.77777777777778
1,llama_4_maverick,3303949904590227517,llama_4_maverick_3303949904590227517,9,1,0.047653503715991974,0.14327690998713175,45.0
2,llama_4_maverick,2978791715112100450,llama_4_maverick_2978791715112100450,1,0,0.03872111439704895,0.2548670834965176,30.77777777777778
3,llama_4_maverick,8228809181693590028,llama_4_maverick_8228809181693590028,0,0,,0.023550748825073242,38.0
4,llama_4_maverick,-5883582487755581909,llama_4_maverick_-5883582487755581909,9,1,0.0592460036277771,0.15814240111245048,48.55555555555556
5,llama_4_maverick,-7748148764174322859,llama_4_maverick_-7748148764174322859,9,1,0.0488993376493454,0.1509654720624288,57.0
6,llama_4_maverick,-9120735786299256593,llama_4_maverick_-9120735786299256593,6,0,0.039825424551963806,0.1546927359369066,60.0
7,llama_4_maverick,6519451917082435996,llama_4_maverick_6519451917082435996,3,0,0.04019627720117569,0.16825895839267307,55.0
8,llama_4_maverick,7796724402164779449,llama_4_maverick_7796724402164779449,0,0,,0.021556735038757324,59.0
9,llama_4_maverick,-7579322367467478631,llama_4_maverick_-7579322367467478631,0,0,,0.023331940174102783,71.0
10,llama_4_maverick,2735028203675223970,llama_4_maverick_2735028203675223970,1,0,0.03462085872888565,0.20752154456244576,55.0
11,llama_4_maverick,-8800594601742214742,llama_4_maverick_-8800594601742214742,0,0,,0.023681044578552246,60.0
12,llama_4_maverick,-6148641726913253952,llama_4_maverick_-6148641726913253952,0,0,,0.05512511730194092,21.0
13,llama_4_maverick,7270289390969226437,llama_4_maverick_7270289390969226437,0,0,,0.0367739200592041,30.0
14,llama_4_maverick,-3324111638340831616,llama_4_maverick_-3324111638340831616,2,0,0.035322315990924835,0.09250053432252672,66.0
15,llama_4_maverick,6426691030127866090,llama_4_maverick_6426691030127866090,9,1,0.05826243758201599,0.1332081357638041,30.77777777777778
16,llama_4_maverick,5892786066623401331,llama_4_maverick_5892786066623401331,9,1,0.0743151530623436,0.15302116341061062,46.55555555555556
17,llama_4_maverick,-5463727270396169906,llama_4_maverick_-5463727270396169906,9,1,0.047355785965919495,0.11634986268149482,35.22222222222222
18,llama_4_maverick,3534595325443628912,llama_4_maverick_3534595325443628912,0,0,,0.05722588300704956,18.0
19,llama_4_maverick,-2630813834556949921,llama_4_maverick_-2630813834556949921,9,1,0.05089074373245239,0.10572252670923869,42.111111111111114
20,llama_4_maverick,1230088118618836747,llama_4_maverick_1230088118618836747,0,0,,0.020845353603363037,42.0
21,llama_4_maverick,1852916232454158090,llama_4_maverick_1852916232454158090,0,0,,0.05023300647735596,26.0
22,llama_4_maverick,421036011198874655,llama_4_maverick_421036011198874655,1,0,0.02558261901140213,0.08460082610448201,53.55555555555556
23,llama_4_maverick,3017245906011897620,llama_4_maverick_3017245906011897620,6,0,0.04553823918104172,0.1105496088663737,67.22222222222223
24,llama_4_maverick,3400353470847938971,llama_4_maverick_3400353470847938971,9,1,0.05662421137094498,0.13760768042670357,37.888888888888886
25,llama_4_maverick,-6783124165237271347,llama_4_maverick_-6783124165237271347,0,0,,0.041054725646972656,24.0
26,llama_4_maverick,-5521210303032175665,llama_4_maverick_-5521210303032175665,1,0,0.04374159127473831,0.10896497964859009,46.77777777777778
27,llama_4_maverick,5002219929762452798,llama_4_maverick_5002219929762452798,9,1,0.04943535476922989,0.07549303107791477,42.44444444444444
28,llama_4_maverick,-5753029251514169321,llama_4_maverick_-5753029251514169321,5,0,0.05951116979122162,0.102054410510593,63.77777777777778
29,llama_4_maverick,-6203194028862240724,llama_4_maverick_-6203194028862240724,9,1,0.06579676270484924,0.08409312698576185,56.888888888888886
30,llama_4_maverick,3782419834493346304,llama_4_maverick_3782419834493346304,2,0,0.05235236883163452,0.11707861555947198,51.333333333333336
31,llama_4_maverick,-5830595497067547464,llama_4_maverick_-5830595497067547464,6,0,0.05158378183841705,0.08554442061318292,41.888888888888886
32,llama_4_maverick,3283035069522641043,llama_4_maverick_3283035069522641043,7,0,0.0595075786113739,0.12586362494362724,61.0
33,llama_4_maverick,6367010592123423365,llama_4_maverick_6367010592123423365,0,0,,0.024607360363006592,32.0
34,llama_4_maverick,-2602450431110440176,llama_4_maverick_-2602450431110440176,0,0,,0.0359187126159668,44.0
35,llama_4_maverick,1496555721770479851,llama_4_maverick_1496555721770479851,9,1,0.0357067734003067,0.07418646415074666,97.77777777777777
36,llama_4_maverick,-2532804206855381128,llama_4_maverick_-2532804206855381128,9,1,0.05775520205497742,0.09879118866390652,77.55555555555556
37,llama_4_maverick,6576872830977679673,llama_4_maverick_6576872830977679673,9,1,0.04428751766681671,0.08693411615159777,76.22222222222223
38,llama_4_maverick,6604037401904095430,llama_4_maverick_6604037401904095430,0,0,,0.03551793098449707,37.0
39,llama_4_maverick,5901919261020755834,llama_4_maverick_5901919261020755834,9,1,0.058580681681632996,0.1448221339119805,85.33333333333333
40,llama_4_maverick,-4659031628495680299,llama_4_maverick_-4659031628495680299,0,0,,0.0335010290145874,42.0
41,llama_4_maverick,-657705933917334885,llama_4_maverick_-657705933917334885,0,0,,0.014438331127166748,37.0
42,llama_4_maverick,8799888050619316884,llama_4_maverick_8799888050619316884,9,1,0.047086529433727264,0.1137141916486952,82.22222222222223
43,llama_4_maverick,1261228498230287811,llama_4_maverick_1261228498230287811,2,0,0.055548228323459625,0.15181354681650797,90.66666666666667
44,llama_4_maverick,7841841025893810847,llama_4_maverick_7841841025893810847,9,1,0.0353887602686882,0.10954765478769939,51.0
45,llama_4_maverick,6411162474977205366,llama_4_maverick_6411162474977205366,9,1,0.05319911986589432,0.07866137557559544,58.111111111111114
46,llama_4_maverick,-6788785493859323635,llama_4_maverick_-6788785493859323635,2,0,0.019403070211410522,0.0437656044960022,109.22222222222223
47,llama_4_maverick,-684339054241722652,llama_4_maverick_-684339054241722652,5,0,0.04106161743402481,0.11009422938028972,48.77777777777778
48,llama_4_maverick,8993113398435204735,llama_4_maverick_8993113398435204735,0,0,,0.048140108585357666,19.0
49,llama_4_maverick,1906516324081487351,llama_4_maverick_1906516324081487351,6,0,0.05094970017671585,0.09695129924350315,37.0
50,llama_4_maverick,-5814619913067464838,llama_4_maverick_-5814619913067464838,0,0,,0.0508655309677124,20.0
51,llama_4_maverick,-1821642933381494386,llama_4_maverick_-1821642933381494386,1,0,0.0427071750164032,0.07299082146750556,51.333333333333336
52,llama_4_maverick,279037356966820280,llama_4_maverick_279037356966820280,2,0,0.045528315007686615,0.15855975283516777,39.77777777777778
53,llama_4_maverick,3286831512485668189,llama_4_maverick_3286831512485668189,9,1,0.04263047128915787,0.07054655419455634,93.11111111111111
54,llama_4_maverick,5650208345660479362,llama_4_maverick_5650208345660479362,9,1,0.03475043922662735,0.08374979098637898,64.11111111111111
55,llama_4_maverick,6692051999058394744,llama_4_maverick_6692051999058394744,6,0,0.057736702263355255,0.07409222920735677,93.33333333333333
56,llama_4_maverick,5579573992615529324,llama_4_maverick_5579573992615529324,9,1,0.06629427522420883,0.126447856426239,46.111111111111114
57,llama_4_maverick,5399691353183534643,llama_4_maverick_5399691353183534643,9,1,0.052732907235622406,0.11621242099338108,39.888888888888886
58,llama_4_maverick,-7618038066063214621,llama_4_maverick_-7618038066063214621,0,0,,0.0187949538230896,88.0
59,llama_4_maverick,-1725314727614475826,llama_4_maverick_-1725314727614475826,0,0,,0.04029887914657593,75.0
60,llama_4_maverick,-7321508789006103925,llama_4_maverick_-7321508789006103925,5,0,0.05718906223773956,0.1828756332397461,34.0
61,llama_4_maverick,6203118266234198273,llama_4_maverick_6203118266234198273,0,0,,0.024787843227386475,67.0
62,llama_4_maverick,6404077728048152121,llama_4_maverick_6404077728048152121,9,1,0.03824128955602646,0.09403712881935967,50.77777777777778
63,llama_4_maverick,-151218354502148047,llama_4_maverick_-151218354502148047,0,0,,0.01202934980392456,60.0
64,llama_4_maverick,-2134257059846673757,llama_4_maverick_-2134257059846673757,1,0,0.024592570960521698,0.06493047210905287,69.0
65,llama_4_maverick,3403846049252743026,llama_4_maverick_3403846049252743026,0,0,,0.04286307096481323,26.0
66,llama_4_maverick,-311383445613208455,llama_4_maverick_-311383445613208455,1,0,0.02676740288734436,0.22833826806810167,50.0
67,llama_4_maverick,4070865789946883419,llama_4_maverick_4070865789946883419,0,0,,0.02399998903274536,57.0
68,llama_4_maverick,-3641511282237825321,llama_4_maverick_-3641511282237825321,0,0,,0.024855613708496094,55.0
69,llama_4_maverick,5615746080009328257,llama_4_maverick_5615746080009328257,9,1,0.043669916689395905,0.1743505729569329,54.0
70,llama_4_maverick,3777543977150283510,llama_4_maverick_3777543977150283510,0,0,,0.021473705768585205,32.0
71,llama_4_maverick,4843915009723578836,llama_4_maverick_4843915009723578836,7,0,0.056124866008758545,0.08556309673521253,36.111111111111114
72,llama_4_maverick,-3530503404165599757,llama_4_maverick_-3530503404165599757,5,0,0.031276725232601166,0.06953314940134685,79.44444444444444
73,llama_4_maverick,7983927560838231629,llama_4_maverick_7983927560838231629,9,1,0.04890752583742142,0.10390006833606297,23.77777777777778
74,llama_4_maverick,7878839138085561255,llama_4_maverick_7878839138085561255,0,0,,0.026781201362609863,72.0
75,llama_4_maverick,3948699654524044352,llama_4_maverick_3948699654524044352,9,1,0.04076579213142395,0.06896750794516669,69.44444444444444
76,llama_4_maverick,8644418009426682492,llama_4_maverick_8644418009426682492,9,1,0.02667703479528427,0.17989006969663832,53.77777777777778
77,llama_4_maverick,3265770017066248228,llama_4_maverick_3265770017066248228,0,0,,0.021112501621246338,68.0
78,llama_4_maverick,3692634202956590190,llama_4_maverick_3692634202956590190,9,1,0.03181392699480057,0.037183033095465765,139.66666666666666
79,llama_4_maverick,-7680338987810916399,llama_4_maverick_-7680338987810916399,0,0,,0.014335095882415771,184.0
80,llama_4_maverick,-6717680842001803009,llama_4_maverick_-6717680842001803009,0,0,,0.015801429748535156,69.0
81,llama_4_maverick,8309777024972098697,llama_4_maverick_8309777024972098697,0,0,,0.017729341983795166,64.0
82,llama_4_maverick,1389971766102188884,llama_4_maverick_1389971766102188884,0,0,,0.022067725658416748,72.0
83,llama_4_maverick,-7754585739175752398,llama_4_maverick_-7754585739175752398,9,1,0.059296563267707825,0.0754351019859314,95.77777777777777
84,llama_4_maverick,8243921215658321893,llama_4_maverick_8243921215658321893,0,0,,0.026297152042388916,51.0
85,llama_4_maverick,1048346455292512245,llama_4_maverick_1048346455292512245,0,0,,0.024544179439544678,110.0
86,llama_4_maverick,-5233211019585965150,llama_4_maverick_-5233211019585965150,0,0,,0.02419912815093994,85.0
87,llama_4_maverick,6383221180352866958,llama_4_maverick_6383221180352866958,0,0,,0.017235994338989258,138.0
88,llama_4_maverick,1661292119681292962,llama_4_maverick_1661292119681292962,5,0,0.013734184205532074,0.026802817980448406,181.0
89,llama_4_maverick,2627323993925601037,llama_4_maverick_2627323993925601037,0,0,,0.05354279279708862,57.0
90,llama_4_maverick,809417145234092992,llama_4_maverick_809417145234092992,9,1,0.09427330642938614,0.1507034632894728,48.0
91,llama_4_maverick,-3802428168408217546,llama_4_maverick_-3802428168408217546,9,1,0.071339450776577,0.10922274324629042,37.44444444444444
92,llama_4_maverick,4789669741661937276,llama_4_maverick_4789669741661937276,9,1,0.04377010464668274,0.05539313289854261,99.22222222222223
93,llama_4_maverick,4937486844873516292,llama_4_maverick_4937486844873516292,9,1,0.0588432177901268,0.12495942248238458,24.77777777777778
94,llama_4_maverick,8269093535601741635,llama_4_maverick_8269093535601741635,9,1,0.07793430238962173,0.2214000423749288,28.77777777777778
95,llama_4_maverick,-5233284501476748157,llama_4_maverick_-5233284501476748157,0,0,,0.023608922958374023,55.0
96,llama_4_maverick,-6941087873284800826,llama_4_maverick_-6941087873284800826,0,0,,0.06563758850097656,31.0
97,llama_4_maverick,-7185626011081092824,llama_4_maverick_-7185626011081092824,2,0,0.0517469197511673,0.15247439675860935,70.22222222222223
98,llama_4_maverick,-9154570889884390296,llama_4_maverick_-9154570889884390296,0,0,,0.025371789932250977,57.0
99,llama_4_maverick,-593448559785925697,llama_4_maverick_-593448559785925697,0,0,,0.02227199077606201,98.0
100,llama_4_maverick,174843330892674010,llama_4_maverick_174843330892674010,9,1,0.11038468033075333,0.14179974132113987,32.0
101,llama_4_maverick,7982941100579295935,llama_4_maverick_7982941100579295935,9,1,0.10496419668197632,0.12568935420778063,32.0
102,llama_4_maverick,1424030384899759682,llama_4_maverick_1424030384899759682,0,0,,0.026304304599761963,114.0
103,llama_4_maverick,-2222793510994483505,llama_4_maverick_-2222793510994483505,9,1,0.021124891936779022,0.0847549835840861,46.77777777777778
104,llama_4_maverick,7368637815087365726,llama_4_maverick_7368637815087365726,0,0,,0.05004703998565674,22.0
105,llama_4_maverick,5952003845049626295,llama_4_maverick_5952003845049626295,9,1,0.05856556445360184,0.09725360737906562,33.22222222222222
106,llama_4_maverick,2339061096340173587,llama_4_maverick_2339061096340173587,0,0,,0.028437674045562744,37.0
107,llama_4_maverick,-7949082250652009670,llama_4_maverick_-7949082250652009670,0,0,,0.10705071687698364,15.0
108,llama_4_maverick,-7684655717468967023,llama_4_maverick_-7684655717468967023,0,0,,0.026893138885498047,65.0
109,llama_4_maverick,8338750070587551340,llama_4_maverick_8338750070587551340,9,1,0.04610408842563629,0.16599025328954062,37.44444444444444
110,llama_4_maverick,-5421565375046774029,llama_4_maverick_-5421565375046774029,9,1,0.047179676592350006,0.05619126558303833,67.77777777777777
111,llama_4_maverick,1363434420230975149,llama_4_maverick_1363434420230975149,7,0,0.04006878286600113,0.1250644259982639,44.0
112,llama_4_maverick,8745976094069027321,llama_4_maverick_8745976094069027321,0,0,,0.03983891010284424,29.0
113,llama_4_maverick,-8914058705468794216,llama_4_maverick_-8914058705468794216,0,0,,0.02607583999633789,29.0
114,llama_4_maverick,-2739473290761885648,llama_4_maverick_-2739473290761885648,9,1,0.05539153516292572,0.23093232843610975,37.0
115,llama_4_maverick,705307653927422450,llama_4_maverick_705307653927422450,9,1,0.054112985730171204,0.21833381387922499,42.0
116,llama_4_maverick,7741916842608171780,llama_4_maverick_7741916842608171780,0,0,,0.02744954824447632,38.0
117,llama_4_maverick,-3520127779941718703,llama_4_maverick_-3520127779941718703,0,0,,0.034831464290618896,27.0
118,llama_4_maverick,-6591907334564677946,llama_4_maverick_-6591907334564677946,5,0,0.05965690314769745,0.15457356638378567,25.77777777777778
119,llama_4_maverick,-8859656383684555879,llama_4_maverick_-8859656383684555879,9,1,0.05156070739030838,0.08268490102556017,62.44444444444444
120,llama_4_maverick,-1665917397531399907,llama_4_maverick_-1665917397531399907,3,0,0.017973430454730988,0.03982759846581353,107.44444444444444
121,llama_4_maverick,2427469419026311631,llama_4_maverick_2427469419026311631,0,0,,0.01875889301300049,99.0
122,llama_4_maverick,8452933566689066313,llama_4_maverick_8452933566689066313,0,0,,0.028821349143981934,124.0
123,llama_4_maverick,-4318723799412118311,llama_4_maverick_-4318723799412118311,0,0,,0.03768831491470337,89.0
124,llama_4_maverick,-1606887462353673591,llama_4_maverick_-1606887462353673591,0,0,,0.03559774160385132,97.0
125,llama_4_maverick,-6664918162259985182,llama_4_maverick_-6664918162259985182,0,0,,0.022104859352111816,67.0
126,llama_4_maverick,-2773840150076670527,llama_4_maverick_-2773840150076670527,0,0,,0.03512972593307495,35.0
127,llama_4_maverick,-1897136258363890524,llama_4_maverick_-1897136258363890524,0,0,,0.03550440073013306,66.0
128,llama_4_maverick,5655407423302068992,llama_4_maverick_5655407423302068992,9,1,0.02115379273891449,0.06361573934555054,88.0
129,llama_4_maverick,-5327276611327029131,llama_4_maverick_-5327276611327029131,0,0,,0.032285451889038086,98.0
130,llama_4_maverick,5849461330792274016,llama_4_maverick_5849461330792274016,7,0,0.02545471489429474,0.08133134577009413,50.77777777777778
131,llama_4_maverick,7172242558411888738,llama_4_maverick_7172242558411888738,9,1,0.03459543734788895,0.0965630014737447,68.55555555555556
132,llama_4_maverick,-5309504401334316294,llama_4_maverick_-5309504401334316294,9,1,0.054367244243621826,0.10218078560299343,74.33333333333333
133,llama_4_maverick,-4117967201500970148,llama_4_maverick_-4117967201500970148,0,0,,0.01612222194671631,50.0
134,llama_4_maverick,-5771416211721846542,llama_4_maverick_-5771416211721846542,9,1,0.057543061673641205,0.07133938868840535,88.88888888888889
135,llama_4_maverick,184186721952554248,llama_4_maverick_184186721952554248,0,0,,0.032002925872802734,38.0
136,llama_4_maverick,3539044314942278142,llama_4_maverick_3539044314942278142,7,0,0.03724868595600128,0.09277207983864678,25.11111111111111
137,llama_4_maverick,-6619993107624355508,llama_4_maverick_-6619993107624355508,9,1,0.05889873206615448,0.12680168284310234,31.22222222222222
138,llama_4_maverick,-6123028717697327055,llama_4_maverick_-6123028717697327055,0,0,,0.02693772315979004,39.0
139,llama_4_maverick,578221359951139746,llama_4_maverick_578221359951139746,9,1,0.025660432875156403,0.07030440701378717,46.0
140,llama_4_maverick,-7863210689691682795,llama_4_maverick_-7863210689691682795,5,0,0.05082782357931137,0.09645379914177789,52.77777777777778
141,llama_4_maverick,-3733792378923713845,llama_4_maverick_-3733792378923713845,9,1,0.01956450194120407,0.22906300094392565,37.77777777777778
142,llama_4_maverick,1176243391368747089,llama_4_maverick_1176243391368747089,9,1,0.06476923078298569,0.13761755492952135,34.0
143,llama_4_maverick,-1030376708537586730,llama_4_maverick_-1030376708537586730,0,0,,0.07940888404846191,62.0
144,llama_4_maverick,-7397982257644612852,llama_4_maverick_-7397982257644612852,9,1,0.06905011832714081,0.14991131093766955,48.666666666666664
145,llama_4_maverick,7429025823017345201,llama_4_maverick_7429025823017345201,9,1,0.100028857588768,0.15026320351494682,41.666666666666664
146,llama_4_maverick,7327417868890456436,llama_4_maverick_7327417868890456436,9,1,0.03804739564657211,0.046462039152781166,50.666666666666664
147,llama_4_maverick,2995851456965408370,llama_4_maverick_2995851456965408370,5,0,0.07437781989574432,0.12519331773122153,28.88888888888889
148,llama_4_maverick,730296947999822839,llama_4_maverick_730296947999822839,2,0,0.07970420271158218,0.11059645149442884,48.888888888888886
149,llama_4_maverick,9072725104965805410,llama_4_maverick_9072725104965805410,0,0,,0.021962106227874756,28.0
150,llama_4_maverick,-7622116864887255387,llama_4_maverick_-7622116864887255387,2,0,0.046096764504909515,0.15239384439256456,29.0
151,llama_4_maverick,-5202267461478257294,llama_4_maverick_-5202267461478257294,0,0,,0.02516716718673706,93.0
152,llama_4_maverick,-3961534004217089259,llama_4_maverick_-3961534004217089259,0,0,,0.011077821254730225,178.0
153,llama_4_maverick,6618161847119501183,llama_4_maverick_6618161847119501183,4,0,0.029147185385227203,0.0577404432826572,148.44444444444446
154,llama_4_maverick,-7425635312226979800,llama_4_maverick_-7425635312226979800,9,1,0.03464880585670471,0.12410106261571248,36.22222222222222
155,llama_4_maverick,-1121863108536844865,llama_4_maverick_-1121863108536844865,6,0,0.03099215030670166,0.16134878661897448,42.22222222222222
156,llama_4_maverick,437087148452527747,llama_4_maverick_437087148452527747,0,0,,0.029835224151611328,88.0
157,llama_4_maverick,-157761989016607234,llama_4_maverick_-157761989016607234,0,0,,0.04125344753265381,30.0
158,llama_4_maverick,-2348376544736582878,llama_4_maverick_-2348376544736582878,1,0,0.016380704939365387,0.09723424249225193,60.666666666666664
159,llama_4_maverick,-7287378194577942379,llama_4_maverick_-7287378194577942379,0,0,,0.02647233009338379,92.0
160,llama_4_maverick,-3139345656340799025,llama_4_maverick_-3139345656340799025,0,0,,0.017944693565368652,83.0
161,llama_4_maverick,7160369001658418300,llama_4_maverick_7160369001658418300,9,1,0.027034781873226166,0.10489819447199504,61.666666666666664
162,llama_4_maverick,2147102240867018674,llama_4_maverick_2147102240867018674,0,0,,0.035426199436187744,77.0
163,llama_4_maverick,-6013595977712185293,llama_4_maverick_-6013595977712185293,0,0,,0.03961139917373657,149.0
164,llama_4_maverick,-6035892624140798989,llama_4_maverick_-6035892624140798989,5,0,0.03211832791566849,0.1440429555045234,36.77777777777778
165,llama_4_maverick,5293850298403889529,llama_4_maverick_5293850298403889529,2,0,0.06921010464429855,0.17991138166851467,37.77777777777778
166,llama_4_maverick,-7943651679138058744,llama_4_maverick_-7943651679138058744,0,0,,0.037819862365722656,38.0
167,llama_4_maverick,-481185166503284354,llama_4_maverick_-481185166503284354,9,1,0.03384105861186981,0.0848067667749193,105.55555555555556
168,llama_4_maverick,8422481580945080035,llama_4_maverick_8422481580945080035,0,0,,0.05022817850112915,41.0
169,llama_4_maverick,3332129417920600616,llama_4_maverick_3332129417920600616,1,0,0.04487365484237671,0.10191228654649523,34.77777777777778
170,llama_4_maverick,-3402499898750552993,llama_4_maverick_-3402499898750552993,1,0,0.06280892342329025,0.14057031604978773,30.77777777777778
171,llama_4_maverick,-9219913052180966062,llama_4_maverick_-9219913052180966062,0,0,,0.060683369636535645,25.0
172,llama_4_maverick,-669775076418910995,llama_4_maverick_-669775076418910995,2,0,0.09898177534341812,0.13743095265494454,33.22222222222222
173,llama_4_maverick,-3651417705167676522,llama_4_maverick_-3651417705167676522,0,0,,0.0451543927192688,28.0
174,llama_4_maverick,-8129242363395179615,llama_4_maverick_-8129242363395179615,6,0,0.05991716682910919,0.16689915789498222,29.77777777777778
175,llama_4_maverick,3645691031649445944,llama_4_maverick_3645691031649445944,9,1,0.038711629807949066,0.09548138909869724,108.11111111111111
176,llama_4_maverick,-5736934007639601054,llama_4_maverick_-5736934007639601054,0,0,,0.03355967998504639,35.0
177,llama_4_maverick,7390895425721116791,llama_4_maverick_7390895425721116791,0,0,,0.030909717082977295,36.0
178,llama_4_maverick,5543938035033621562,llama_4_maverick_5543938035033621562,0,0,,0.04344522953033447,24.0
179,llama_4_maverick,-968920006044202602,llama_4_maverick_-968920006044202602,0,0,,0.027670323848724365,34.0
180,llama_4_maverick,5469057266130065276,llama_4_maverick_5469057266130065276,9,1,0.04443191736936569,0.14639380243089464,53.77777777777778
181,llama_4_maverick,-2221298942965201076,llama_4_maverick_-2221298942965201076,9,1,0.03912636637687683,0.1015155381626553,46.111111111111114
182,llama_4_maverick,3078248885538601202,llama_4_maverick_3078248885538601202,0,0,,0.02362072467803955,30.0
183,llama_4_maverick,7254317358114034090,llama_4_maverick_7254317358114034090,3,0,0.06044526398181915,0.14105016655392116,27.77777777777778
184,llama_4_maverick,8034992331195463957,llama_4_maverick_8034992331195463957,0,0,,0.04706597328186035,25.0
185,llama_4_maverick,455538085215172904,llama_4_maverick_455538085215172904,0,0,,0.038188278675079346,21.0
186,llama_4_maverick,308844081478824950,llama_4_maverick_308844081478824950,9,1,0.05008626729249954,0.13143429491255018,46.666666666666664
187,llama_4_maverick,-8425833987454773666,llama_4_maverick_-8425833987454773666,5,0,0.04523960500955582,0.09458913405736287,30.77777777777778
188,llama_4_maverick,-698223018421546442,llama_4_maverick_-698223018421546442,0,0,,0.04424089193344116,41.0
189,llama_4_maverick,-3795629264617098453,llama_4_maverick_-3795629264617098453,6,0,0.03326931595802307,0.13341765933566624,81.11111111111111
190,llama_4_maverick,4868259670084290209,llama_4_maverick_4868259670084290209,0,0,,0.03948843479156494,68.0
191,llama_4_maverick,8677649569577561570,llama_4_maverick_8677649569577561570,0,0,,0.028781414031982422,50.0
192,llama_4_maverick,8999857608943025829,llama_4_maverick_8999857608943025829,4,0,0.0388585701584816,0.11690829197565715,27.77777777777778
193,llama_4_maverick,-1851424445824463831,llama_4_maverick_-1851424445824463831,0,0,,0.0445021390914917,26.0
194,llama_4_maverick,-5802708885951655644,llama_4_maverick_-5802708885951655644,0,0,,0.055521488189697266,29.0
195,llama_4_maverick,-7342842263678399024,llama_4_maverick_-7342842263678399024,0,0,,0.052363038063049316,22.0
196,llama_4_maverick,8714541432347281353,llama_4_maverick_8714541432347281353,0,0,,0.029628753662109375,118.0
197,llama_4_maverick,-3668936547519238091,llama_4_maverick_-3668936547519238091,0,0,,0.03550964593887329,26.0
198,llama_4_maverick,4960131355008836453,llama_4_maverick_4960131355008836453,0,0,,0.02542698383331299,45.0
199,llama_4_maverick,-5712186306387546676,llama_4_maverick_-5712186306387546676,9,1,0.03435596078634262,0.17555675903956094,39.77777777777778
200,llama_4_maverick,6760529312442328829,llama_4_maverick_6760529312442328829,3,0,0.03881304711103439,0.0798978673087226,74.44444444444444
201,llama_4_maverick,6269887458366159507,llama_4_maverick_6269887458366159507,9,1,0.02738741785287857,0.07101594077216254,102.0
202,llama_4_maverick,-1868991801877514252,llama_4_maverick_-1868991801877514252,0,0,,0.02573394775390625,57.0
203,llama_4_maverick,7120225074148741877,llama_4_maverick_7120225074148741877,0,0,,0.009341835975646973,57.0
204,llama_4_maverick,-4582594627304211305,llama_4_maverick_-4582594627304211305,0,0,,0.023556649684906006,38.0
205,llama_4_maverick,4818017296434669837,llama_4_maverick_4818017296434669837,0,0,,0.02311807870864868,91.0
206,llama_4_maverick,-4478072872235139464,llama_4_maverick_-4478072872235139464,0,0,,0.013434231281280518,49.0
207,llama_4_maverick,-1037537758938675655,llama_4_maverick_-1037537758938675655,9,1,0.07496321946382523,0.12738066911697388,28.22222222222222
208,llama_4_maverick,6142779911027934248,llama_4_maverick_6142779911027934248,0,0,,0.03895139694213867,53.0
209,llama_4_maverick,6553991521863672073,llama_4_maverick_6553991521863672073,9,1,0.07769066095352173,0.10015207529067993,63.111111111111114
210,llama_4_maverick,-2764209407143173999,llama_4_maverick_-2764209407143173999,9,1,0.07291757315397263,0.13381770584318373,35.0
211,llama_4_maverick,5478432026277049877,llama_4_maverick_5478432026277049877,9,1,0.08076763898134232,0.10339326328701443,65.0
212,llama_4_maverick,-8664060077933191065,llama_4_maverick_-8664060077933191065,9,1,0.05774050951004028,0.1686283747355143,34.111111111111114
213,llama_4_maverick,-4119428755444826376,llama_4_maverick_-4119428755444826376,9,1,0.07035266607999802,0.26490550571017796,35.0
214,llama_4_maverick,4178077689537425404,llama_4_maverick_4178077689537425404,9,1,0.04457473009824753,0.11247153414620294,37.77777777777778
215,llama_4_maverick,4619333360613771346,llama_4_maverick_4619333360613771346,0,0,,0.049618542194366455,17.0
216,llama_4_maverick,2025492212201560094,llama_4_maverick_2025492212201560094,9,1,0.03603670001029968,0.10690444707870483,40.888888888888886
217,llama_4_maverick,-145514456942682794,llama_4_maverick_-145514456942682794,0,0,,0.05851399898529053,24.0
218,llama_4_maverick,9190025707508531612,llama_4_maverick_9190025707508531612,0,0,,0.10040569305419922,22.0
219,llama_4_maverick,-2544816471581413726,llama_4_maverick_-2544816471581413726,9,1,0.09658242762088776,0.25871707333458793,34.333333333333336
220,llama_4_maverick,1968521898368731602,llama_4_maverick_1968521898368731602,0,0,,0.11714470386505127,16.0
221,llama_4_maverick,-5307959709917336269,llama_4_maverick_-5307959709917336269,7,0,0.07264977693557739,0.13413761059443155,39.44444444444444
222,llama_4_maverick,8232243152145413650,llama_4_maverick_8232243152145413650,0,0,,0.025183141231536865,33.0
223,llama_4_maverick,-282394128894161934,llama_4_maverick_-282394128894161934,1,0,0.05515671521425247,0.1650917265150282,43.55555555555556
224,llama_4_maverick,-1566498382802897107,llama_4_maverick_-1566498382802897107,9,1,0.050404518842697144,0.19760705365075004,31.0
225,llama_4_maverick,-3622459144841644530,llama_4_maverick_-3622459144841644530,9,1,0.05068954825401306,0.1047391030523512,65.11111111111111
226,llama_4_maverick,-1957063771944056004,llama_4_maverick_-1957063771944056004,0,0,,0.028752923011779785,40.0
227,llama_4_maverick,-7081787720199437945,llama_4_maverick_-7081787720199437945,0,0,,0.025681138038635254,39.0
228,llama_4_maverick,-7424306111504383062,llama_4_maverick_-7424306111504383062,0,0,,0.1018250584602356,20.0
229,llama_4_maverick,-219644579307221145,llama_4_maverick_-219644579307221145,0,0,,0.035786449909210205,35.0
230,llama_4_maverick,5714095624015162924,llama_4_maverick_5714095624015162924,0,0,,0.033363163471221924,54.0
231,llama_4_maverick,-4890298872584833321,llama_4_maverick_-4890298872584833321,0,0,,0.03129488229751587,31.0
232,llama_4_maverick,2413673512581991594,llama_4_maverick_2413673512581991594,0,0,,0.055903077125549316,31.0
233,llama_4_maverick,-7528641691968163188,llama_4_maverick_-7528641691968163188,0,0,,0.024318277835845947,49.0
234,llama_4_maverick,8830109588951711711,llama_4_maverick_8830109588951711711,0,0,,0.06461602449417114,23.0
235,llama_4_maverick,-4368214592686734635,llama_4_maverick_-4368214592686734635,0,0,,0.03602707386016846,27.0
236,llama_4_maverick,-5297493035095661441,llama_4_maverick_-5297493035095661441,0,0,,0.031315505504608154,32.0
237,llama_4_maverick,6546667240926326491,llama_4_maverick_6546667240926326491,9,1,0.07255461066961288,0.14796550406350029,52.0
238,llama_4_maverick,-4416208263126222615,llama_4_maverick_-4416208263126222615,9,1,0.03935283422470093,0.14217410484949747,48.77777777777778
239,llama_4_maverick,-2670463895495901687,llama_4_maverick_-2670463895495901687,0,0,,0.033611834049224854,48.0
240,llama_4_maverick,1448852284699069801,llama_4_maverick_1448852284699069801,0,0,,0.027685999870300293,43.0
241,llama_4_maverick,854670588290086259,llama_4_maverick_854670588290086259,3,0,0.02213463932275772,0.14831623103883532,47.77777777777778
242,llama_4_maverick,4968827808581438462,llama_4_maverick_4968827808581438462,0,0,,0.025079667568206787,52.0
243,llama_4_maverick,-201937304647716523,llama_4_maverick_-201937304647716523,0,0,,0.02644491195678711,34.0
244,llama_4_maverick,2382723644051589246,llama_4_maverick_2382723644051589246,1,0,0.03130868077278137,0.1839295890596178,78.0
245,llama_4_maverick,-3730627770851984683,llama_4_maverick_-3730627770851984683,2,0,0.03195095807313919,0.1258381406466166,42.77777777777778
246,llama_4_maverick,4829408015701770415,llama_4_maverick_4829408015701770415,0,0,,0.028728723526000977,32.0
247,llama_4_maverick,6367950917765180198,llama_4_maverick_6367950917765180198,9,1,0.03136531263589859,0.11751066313849555,48.77777777777778
248,llama_4_maverick,5673877421533075230,llama_4_maverick_5673877421533075230,0,0,,0.024047374725341797,46.0
249,llama_4_maverick,-5524124989955706502,llama_4_maverick_-5524124989955706502,0,0,,0.026627421379089355,38.0
250,llama_4_maverick,-5439964041500013532,llama_4_maverick_-5439964041500013532,0,0,,0.03555190563201904,80.0
251,llama_4_maverick,-5083776216869063831,llama_4_maverick_-5083776216869063831,0,0,,0.028534114360809326,33.0
252,llama_4_maverick,-4512853636600821092,llama_4_maverick_-4512853636600821092,1,0,0.050186917185783386,0.18456227249569362,82.22222222222223
253,llama_4_maverick,-7344954875905561356,llama_4_maverick_-7344954875905561356,0,0,,0.024309396743774414,39.0
254,llama_4_maverick,515075473070666873,llama_4_maverick_515075473070666873,0,0,,0.030886411666870117,75.0
255,llama_4_maverick,-8979489546024459942,llama_4_maverick_-8979489546024459942,6,0,0.05116630345582962,0.09866410493850708,52.888888888888886
256,llama_4_maverick,-3273332428710421587,llama_4_maverick_-3273332428710421587,9,1,0.0972558781504631,0.1341631809870402,127.11111111111111
257,llama_4_maverick,-864447521541591025,llama_4_maverick_-864447521541591025,0,0,,0.04510462284088135,111.0
258,llama_4_maverick,-4259727358408442378,llama_4_maverick_-4259727358408442378,0,0,,0.03778749704360962,39.0
259,llama_4_maverick,1856085361851460731,llama_4_maverick_1856085361851460731,0,0,,0.02904486656188965,74.0
260,llama_4_maverick,5899622476551925229,llama_4_maverick_5899622476551925229,1,0,0.04707377403974533,0.09953087568283081,98.77777777777777
261,llama_4_maverick,-8210993141885542740,llama_4_maverick_-8210993141885542740,9,1,0.04056984931230545,0.05692980024549696,86.22222222222223
262,llama_4_maverick,-3326225215963242188,llama_4_maverick_-3326225215963242188,9,1,0.08947586268186569,0.19032826688554552,40.666666666666664
263,llama_4_maverick,9120202059037252274,llama_4_maverick_9120202059037252274,9,1,0.05007251352071762,0.09556703435050116,27.77777777777778
264,llama_4_maverick,-1667564584444974244,llama_4_maverick_-1667564584444974244,9,1,0.03900018334388733,0.1399276720152961,43.0
265,llama_4_maverick,-5813411975472936393,llama_4_maverick_-5813411975472936393,9,1,0.06784766912460327,0.09722964631186591,54.111111111111114
266,llama_4_maverick,3332199825992828969,llama_4_maverick_3332199825992828969,9,1,0.05552847683429718,0.09710611237419976,57.77777777777778
267,llama_4_maverick,5532071176201882405,llama_4_maverick_5532071176201882405,0,0,,0.02276015281677246,78.0
268,llama_4_maverick,1955960136735113782,llama_4_maverick_1955960136735113782,0,0,,0.03613901138305664,32.0
269,llama_4_maverick,7913293870671325248,llama_4_maverick_7913293870671325248,9,1,0.05903223901987076,0.10216836796866523,25.0
270,llama_4_maverick,4180482087222806731,llama_4_maverick_4180482087222806731,0,0,,0.02492964267730713,72.0
271,llama_4_maverick,307475084953913177,llama_4_maverick_307475084953913177,0,0,,0.020643115043640137,76.0
272,llama_4_maverick,4138763173111043120,llama_4_maverick_4138763173111043120,0,0,,0.022181391716003418,71.0
273,llama_4_maverick,-1392740528484956750,llama_4_maverick_-1392740528484956750,0,0,,0.025929808616638184,70.0
274,llama_4_maverick,-4649465065639222836,llama_4_maverick_-4649465065639222836,1,0,0.03232075273990631,0.07813762293921576,92.11111111111111
275,llama_4_maverick,668963275152226085,llama_4_maverick_668963275152226085,0,0,,0.020224273204803467,71.0
276,llama_4_maverick,5030705751435651195,llama_4_maverick_5030705751435651195,0,0,,0.024852633476257324,78.0
277,llama_4_maverick,2655751308513644165,llama_4_maverick_2655751308513644165,0,0,,0.020304083824157715,77.0
278,llama_4_maverick,-3647410758394252883,llama_4_maverick_-3647410758394252883,0,0,,0.037864744663238525,77.0
279,llama_4_maverick,-5305233391596905188,llama_4_maverick_-5305233391596905188,0,0,,0.018989205360412598,86.0
280,llama_4_maverick,615987152671936340,llama_4_maverick_615987152671936340,0,0,,0.023428261280059814,70.0
281,llama_4_maverick,5917114626254733750,llama_4_maverick_5917114626254733750,0,0,,0.03568190336227417,75.0
282,llama_4_maverick,2924748479943322329,llama_4_maverick_2924748479943322329,0,0,,0.01949334144592285,82.0
283,llama_4_maverick,-785956967634432504,llama_4_maverick_-785956967634432504,0,0,,0.02650827169418335,68.0
284,llama_4_maverick,1097888977759176375,llama_4_maverick_1097888977759176375,0,0,,0.018323123455047607,71.0
285,llama_4_maverick,595581238045250575,llama_4_maverick_595581238045250575,9,1,0.11216218024492264,0.23082537121242946,42.666666666666664
286,llama_4_maverick,-6091349600504718204,llama_4_maverick_-6091349600504718204,9,1,0.06889712065458298,0.18566667371326023,40.44444444444444
287,llama_4_maverick,8987061951389301044,llama_4_maverick_8987061951389301044,9,1,0.03228742629289627,0.07808971405029297,89.0
288,llama_4_maverick,-5302965726896722010,llama_4_maverick_-5302965726896722010,9,1,0.06201248615980148,0.10084089305665758,33.22222222222222
289,llama_4_maverick,-8912170751474438565,llama_4_maverick_-8912170751474438565,3,0,0.05568157881498337,0.12369646628697713,70.44444444444444
290,llama_4_maverick,-1379802051182670573,llama_4_maverick_-1379802051182670573,8,0,0.053074054419994354,0.11165204975340101,39.77777777777778
291,llama_4_maverick,-2466264396963873670,llama_4_maverick_-2466264396963873670,2,0,0.05374418944120407,0.09450970755683051,68.22222222222223
292,llama_4_maverick,8489639395249977688,llama_4_maverick_8489639395249977688,9,1,0.051206640899181366,0.08224096563127306,32.0
293,llama_4_maverick,-7548478012161881794,llama_4_maverick_-7548478012161881794,1,0,0.05621021240949631,0.08742967579099867,65.44444444444444
294,llama_4_maverick,-7466070401694971422,llama_4_maverick_-7466070401694971422,9,1,0.06663469225168228,0.14172111617194283,93.88888888888889
295,llama_4_maverick,-115696686187156725,llama_4_maverick_-115696686187156725,9,1,0.06654950231313705,0.1467720932430691,33.55555555555556
296,llama_4_maverick,-4704359307875217289,llama_4_maverick_-4704359307875217289,0,0,,0.04459333419799805,41.0
297,llama_4_maverick,248689908078711523,llama_4_maverick_248689908078711523,9,1,0.05989602953195572,0.11107581853866577,87.66666666666667
298,llama_4_maverick,-7149378201655828096,llama_4_maverick_-7149378201655828096,0,0,,0.07833778858184814,18.0
299,llama_4_maverick,8505446152704718534,llama_4_maverick_8505446152704718534,6,0,0.029993735253810883,0.08824180232153998,101.0
300,llama_4_maverick,-533359250537072623,llama_4_maverick_-533359250537072623,9,1,0.07316423952579498,0.20524639553493923,28.0
301,llama_4_maverick,7961518411453624264,llama_4_maverick_7961518411453624264,9,1,0.08130885660648346,0.22480884525511,49.666666666666664
302,llama_4_maverick,4247233618451086231,llama_4_maverick_4247233618451086231,2,0,0.062261566519737244,0.18225449323654175,49.55555555555556
303,llama_4_maverick,8328673263969582786,llama_4_maverick_8328673263969582786,9,1,0.0933641567826271,0.10399787955813938,143.88888888888889
304,llama_4_maverick,-5409676095332498911,llama_4_maverick_-5409676095332498911,0,0,,0.0363081693649292,35.0
305,llama_4_maverick,-8860146376729444682,llama_4_maverick_-8860146376729444682,8,0,0.06851813942193985,0.14119081364737618,42.22222222222222
306,llama_4_maverick,5548431208557033952,llama_4_maverick_5548431208557033952,9,1,0.03627603501081467,0.1285717619789971,50.666666666666664
307,llama_4_maverick,-5638363706275568543,llama_4_maverick_-5638363706275568543,1,0,0.0556524321436882,0.16527853409449259,54.111111111111114
308,llama_4_maverick,-3029071112556165194,llama_4_maverick_-3029071112556165194,0,0,,0.03855389356613159,37.0
309,llama_4_maverick,1454209788289558729,llama_4_maverick_1454209788289558729,6,0,0.06426630169153214,0.12434675296147664,61.888888888888886
310,llama_4_maverick,-1990456879860801173,llama_4_maverick_-1990456879860801173,0,0,,0.03424555063247681,20.0
311,llama_4_maverick,4083494200571196485,llama_4_maverick_4083494200571196485,0,0,,0.048243045806884766,21.0
312,llama_4_maverick,-6530973723400852900,llama_4_maverick_-6530973723400852900,9,1,0.08625711500644684,0.16172093152999878,26.77777777777778
313,llama_4_maverick,-3759933468170943164,llama_4_maverick_-3759933468170943164,7,0,0.09807536751031876,0.12858235173755223,67.11111111111111
314,llama_4_maverick,-9095642834455795359,llama_4_maverick_-9095642834455795359,9,1,0.030472159385681152,0.05270049307081434,150.55555555555554
315,llama_4_maverick,4883285934621037852,llama_4_maverick_4883285934621037852,0,0,,0.052161216735839844,29.0
316,llama_4_maverick,-5084510592640170023,llama_4_maverick_-5084510592640170023,0,0,,0.02814614772796631,42.0
317,llama_4_maverick,-4382399965945166726,llama_4_maverick_-4382399965945166726,9,1,0.05970195680856705,0.09688222408294678,41.0
318,llama_4_maverick,3992227395822459682,llama_4_maverick_3992227395822459682,9,1,0.04098173975944519,0.08974511755837335,74.77777777777777
319,llama_4_maverick,2688041034678077122,llama_4_maverick_2688041034678077122,9,1,0.04862459748983383,0.1831726630528768,46.44444444444444
320,llama_4_maverick,4882880213160470129,llama_4_maverick_4882880213160470129,0,0,,0.020659565925598145,43.0
321,llama_4_maverick,-5001520313823084554,llama_4_maverick_-5001520313823084554,1,0,0.04403161257505417,0.18111334244410196,72.0
322,llama_4_maverick,-4214355397460237649,llama_4_maverick_-4214355397460237649,9,1,0.06604049354791641,0.08900529146194458,67.11111111111111
323,llama_4_maverick,3809756884311434454,llama_4_maverick_3809756884311434454,0,0,,0.032626211643218994,78.0
324,llama_4_maverick,5636752410770769076,llama_4_maverick_5636752410770769076,2,0,0.052608199417591095,0.1819053292274475,64.0
325,llama_4_maverick,-3153546990902596580,llama_4_maverick_-3153546990902596580,0,0,,0.043555617332458496,89.0
326,llama_4_maverick,-7788595398757781011,llama_4_maverick_-7788595398757781011,1,0,0.059171855449676514,0.10026497973336114,61.77777777777778
327,llama_4_maverick,1628880396773862908,llama_4_maverick_1628880396773862908,9,1,0.04739924520254135,0.06363236241870457,73.44444444444444
328,llama_4_maverick,2624596756190113687,llama_4_maverick_2624596756190113687,9,1,0.03085196018218994,0.1133802400694953,55.77777777777778
329,llama_4_maverick,-7418770493801244007,llama_4_maverick_-7418770493801244007,9,1,0.04390855133533478,0.072302864657508,63.888888888888886
330,llama_4_maverick,288348719443422331,llama_4_maverick_288348719443422331,0,0,,0.02346128225326538,67.0
331,llama_4_maverick,6192810342030719150,llama_4_maverick_6192810342030719150,9,1,0.03692520409822464,0.04467138979170057,109.22222222222223
332,llama_4_maverick,-858746664011760221,llama_4_maverick_-858746664011760221,1,0,0.047185882925987244,0.10802456405427721,82.11111111111111
333,llama_4_maverick,-2791971212728306446,llama_4_maverick_-2791971212728306446,3,0,0.035992443561553955,0.0523608128229777,108.33333333333333
334,llama_4_maverick,-4603902767419777956,llama_4_maverick_-4603902767419777956,9,1,0.039940349757671356,0.1101905968454149,42.888888888888886
335,llama_4_maverick,-2405468074134767131,llama_4_maverick_-2405468074134767131,0,0,,0.022572457790374756,25.0
336,llama_4_maverick,-2104551873794905043,llama_4_maverick_-2104551873794905043,0,0,,0.07669728994369507,29.0
337,llama_4_maverick,-2469552883126402852,llama_4_maverick_-2469552883126402852,9,1,0.0926247090101242,0.12044744359122382,47.77777777777778
338,llama_4_maverick,4597293762826075041,llama_4_maverick_4597293762826075041,0,0,,0.08064502477645874,18.0
339,llama_4_maverick,-5031284985737034642,llama_4_maverick_-5031284985737034642,2,0,0.0609322190284729,0.13399475812911987,36.44444444444444
340,llama_4_maverick,1833299586384845939,llama_4_maverick_1833299586384845939,9,1,0.058057621121406555,0.1489036480585734,38.888888888888886
341,llama_4_maverick,4296288963771663537,llama_4_maverick_4296288963771663537,6,0,0.08029719442129135,0.19620135757658216,64.55555555555556
342,llama_4_maverick,-9216936337646969014,llama_4_maverick_-9216936337646969014,4,0,0.033476464450359344,0.06999877426359388,65.44444444444444
343,llama_4_maverick,-1759304898875826674,llama_4_maverick_-1759304898875826674,0,0,,0.03924846649169922,37.0
344,llama_4_maverick,-1488001096335457026,llama_4_maverick_-1488001096335457026,9,1,0.07779588550329208,0.0985407034556071,49.666666666666664
345,llama_4_maverick,-7400072053515487919,llama_4_maverick_-7400072053515487919,9,1,0.08029896765947342,0.18392360872692531,54.333333333333336
346,llama_4_maverick,-3753680552954269042,llama_4_maverick_-3753680552954269042,0,0,,0.030694782733917236,55.0
347,llama_4_maverick,-6479558408615912443,llama_4_maverick_-6479558408615912443,9,1,0.05459125339984894,0.0868921611044142,46.22222222222222
348,llama_4_maverick,-8760314924221629094,llama_4_maverick_-8760314924221629094,9,1,0.08562259376049042,0.13756118218104044,67.88888888888889
349,llama_4_maverick,-874597672989131155,llama_4_maverick_-874597672989131155,0,0,,0.039511024951934814,69.0
350,llama_4_maverick,-8783192966458321778,llama_4_maverick_-8783192966458321778,9,1,0.09246737509965897,0.2360956205262078,53.666666666666664
351,llama_4_maverick,-5269383193875640086,llama_4_maverick_-5269383193875640086,9,1,0.06281683593988419,0.15633620818456015,57.0
352,llama_4_maverick,3845941824016564481,llama_4_maverick_3845941824016564481,9,1,0.10219590365886688,0.12743148538801405,73.0
353,llama_4_maverick,5069744815902056318,llama_4_maverick_5069744815902056318,9,1,0.08965838700532913,0.09945123063193427,69.44444444444444
354,llama_4_maverick,-5143105452090402533,llama_4_maverick_-5143105452090402533,0,0,,0.07132196426391602,33.0
355,llama_4_maverick,2401997028572997218,llama_4_maverick_2401997028572997218,9,1,0.05376312881708145,0.17689130703608194,57.0
356,llama_4_maverick,5900410750958394974,llama_4_maverick_5900410750958394974,9,1,0.0935806855559349,0.1891537970966763,63.44444444444444
357,llama_4_maverick,-9085605242474762509,llama_4_maverick_-9085605242474762509,9,1,0.05769515037536621,0.16982915666368273,30.444444444444443
358,llama_4_maverick,-282948514500199799,llama_4_maverick_-282948514500199799,9,1,0.09646259248256683,0.18980040152867636,65.88888888888889
359,llama_4_maverick,39881338678497406,llama_4_maverick_39881338678497406,0,0,,0.04644376039505005,30.0
360,llama_4_maverick,1639097812535627640,llama_4_maverick_1639097812535627640,0,0,,0.010250389575958252,50.0
361,llama_4_maverick,-2590466417248144010,llama_4_maverick_-2590466417248144010,9,1,0.05462687462568283,0.15420640177196926,49.77777777777778
362,llama_4_maverick,5928080042133349539,llama_4_maverick_5928080042133349539,2,0,0.05731794238090515,0.0915309919251336,54.333333333333336
363,llama_4_maverick,3357030607152286784,llama_4_maverick_3357030607152286784,1,0,0.07141082733869553,0.09746984640757243,52.22222222222222
364,llama_4_maverick,5850965668185432018,llama_4_maverick_5850965668185432018,9,1,0.058515533804893494,0.16253111759821573,34.0
365,llama_4_maverick,-7867367579319341073,llama_4_maverick_-7867367579319341073,9,1,0.06286966055631638,0.07616811990737915,40.0
366,llama_4_maverick,-3277494980774718309,llama_4_maverick_-3277494980774718309,0,0,,0.060194551944732666,17.0
367,llama_4_maverick,847650712333026922,llama_4_maverick_847650712333026922,1,0,0.05119638890028,0.11091822385787964,56.666666666666664
368,llama_4_maverick,-2116273734018742009,llama_4_maverick_-2116273734018742009,9,1,0.1110861599445343,0.15095134576161703,26.333333333333332
369,llama_4_maverick,-7432796024381616102,llama_4_maverick_-7432796024381616102,9,1,0.08470365405082703,0.19984174436993069,31.22222222222222
370,llama_4_maverick,2364764668190351015,llama_4_maverick_2364764668190351015,0,0,,0.020693182945251465,56.0
371,llama_4_maverick,8392203052366320174,llama_4_maverick_8392203052366320174,0,0,,0.03332257270812988,30.0
372,llama_4_maverick,297163297490146348,llama_4_maverick_297163297490146348,9,1,0.08340241760015488,0.16581825415293375,37.111111111111114
373,llama_4_maverick,7361104202288423740,llama_4_maverick_7361104202288423740,1,0,0.060361579060554504,0.2447621160083347,47.888888888888886
374,llama_4_maverick,6290299941043461325,llama_4_maverick_6290299941043461325,0,0,,0.025979936122894287,35.0
375,llama_4_maverick,-3329004796542256963,llama_4_maverick_-3329004796542256963,9,1,0.08161008358001709,0.12603667709562513,31.77777777777778
376,llama_4_maverick,581760267524090201,llama_4_maverick_581760267524090201,0,0,,0.06152921915054321,30.0
377,llama_4_maverick,6953508239976320619,llama_4_maverick_6953508239976320619,9,1,0.042591214179992676,0.16501594252056545,33.888888888888886
378,llama_4_maverick,3277923750127086414,llama_4_maverick_3277923750127086414,9,1,0.04968082159757614,0.13535330030653211,27.77777777777778
379,llama_4_maverick,7548993425757229628,llama_4_maverick_7548993425757229628,9,1,0.056568875908851624,0.14603052536646524,39.44444444444444
380,llama_4_maverick,-6279990636157230460,llama_4_maverick_-6279990636157230460,9,1,0.051553621888160706,0.21738592783610025,33.77777777777778
381,llama_4_maverick,118188261616235314,llama_4_maverick_118188261616235314,9,1,0.05196474492549896,0.1028842462433709,38.666666666666664
382,llama_4_maverick,-5235502803298372494,llama_4_maverick_-5235502803298372494,0,0,,0.05714750289916992,25.0
383,llama_4_maverick,-4167232173491081067,llama_4_maverick_-4167232173491081067,9,1,0.0771346241235733,0.1872159242630005,26.77777777777778
384,llama_4_maverick,-772535222645847054,llama_4_maverick_-772535222645847054,9,1,0.09533163160085678,0.1409541500939263,30.0
385,llama_4_maverick,4674377172597032367,llama_4_maverick_4674377172597032367,9,1,0.0975882038474083,0.11191619767083062,36.666666666666664
386,llama_4_maverick,6226508042687117536,llama_4_maverick_6226508042687117536,9,1,0.06347771733999252,0.18468933635287815,32.0
387,llama_4_maverick,-1245347315923883205,llama_4_maverick_-1245347315923883205,0,0,,0.08558988571166992,25.0
388,llama_4_maverick,-7692626005730086866,llama_4_maverick_-7692626005730086866,9,1,0.10112156718969345,0.16072804398006862,27.11111111111111
389,llama_4_maverick,-7139303090218371925,llama_4_maverick_-7139303090218371925,9,1,0.037944495677948,0.08359421624077691,30.77777777777778
390,llama_4_maverick,-1908574301602503560,llama_4_maverick_-1908574301602503560,5,0,0.035376280546188354,0.10098022884792751,53.77777777777778
391,llama_4_maverick,-7217508861008709260,llama_4_maverick_-7217508861008709260,9,1,0.03942713141441345,0.09678892956839667,54.0
392,llama_4_maverick,-2760636665613495925,llama_4_maverick_-2760636665613495925,0,0,,0.03657287359237671,57.0
393,llama_4_maverick,-3822068877860980934,llama_4_maverick_-3822068877860980934,0,0,,0.06091362237930298,17.0
394,llama_4_maverick,-420159000634361048,llama_4_maverick_-420159000634361048,0,0,,0.06486290693283081,16.0
395,llama_4_maverick,-6101296284834611487,llama_4_maverick_-6101296284834611487,0,0,,0.03657174110412598,36.0
396,llama_4_maverick,6590774506138796925,llama_4_maverick_6590774506138796925,7,0,0.0897488072514534,0.1754734052552117,24.77777777777778
397,llama_4_maverick,3505568910536708427,llama_4_maverick_3505568910536708427,9,1,0.0267428457736969,0.16893192132314047,45.0
398,llama_4_maverick,8776786827637128737,llama_4_maverick_8776786827637128737,9,1,0.02692500501871109,0.09579265779919094,54.0
399,llama_4_maverick,-744178892423388350,llama_4_maverick_-744178892423388350,9,1,0.09765899926424026,0.2653331028090583,23.77777777777778
400,llama_4_maverick,6369060842170071629,llama_4_maverick_6369060842170071629,0,0,,0.024505436420440674,45.0
401,llama_4_maverick,-5780979653487244662,llama_4_maverick_-5780979653487244662,0,0,,0.05368220806121826,31.0
402,llama_4_maverick,-8710679049941380998,llama_4_maverick_-8710679049941380998,0,0,,0.03758341073989868,42.0
403,llama_4_maverick,4851608506085517895,llama_4_maverick_4851608506085517895,9,1,0.053966738283634186,0.21568520863850912,29.77777777777778
404,llama_4_maverick,-987377222932030443,llama_4_maverick_-987377222932030443,9,1,0.01418350636959076,0.06015158361858792,63.666666666666664
405,llama_4_maverick,907672870061634015,llama_4_maverick_907672870061634015,2,0,0.0692826360464096,0.1671616236368815,50.0
406,llama_4_maverick,3403694790362878903,llama_4_maverick_3403694790362878903,2,0,0.08337812125682831,0.15762711233562893,59.77777777777778
407,llama_4_maverick,6102465590309519068,llama_4_maverick_6102465590309519068,9,1,0.03440578281879425,0.06631843249003093,89.88888888888889
408,llama_4_maverick,-7963685175743759952,llama_4_maverick_-7963685175743759952,9,1,0.03514932841062546,0.07648212379879421,95.66666666666667
409,llama_4_maverick,-9136588459281624972,llama_4_maverick_-9136588459281624972,9,1,0.0754389762878418,0.11468455526563856,29.77777777777778
410,llama_4_maverick,-3937997456660058261,llama_4_maverick_-3937997456660058261,0,0,,0.01255953311920166,31.0
411,llama_4_maverick,-6591852808329730212,llama_4_maverick_-6591852808329730212,9,1,0.07352273911237717,0.10392079750696818,94.11111111111111
412,llama_4_maverick,5965337305547425439,llama_4_maverick_5965337305547425439,2,0,0.04203689843416214,0.07993527253468831,68.88888888888889
413,llama_4_maverick,-2226371312228486425,llama_4_maverick_-2226371312228486425,6,0,0.05081571638584137,0.08688096867667304,95.55555555555556
414,llama_4_maverick,-1699186072316766720,llama_4_maverick_-1699186072316766720,4,0,0.03461478650569916,0.12125323216120402,58.111111111111114
415,llama_4_maverick,-1015566502205770028,llama_4_maverick_-1015566502205770028,9,1,0.029922716319561005,0.06796155373255412,83.88888888888889
416,llama_4_maverick,133216884079692982,llama_4_maverick_133216884079692982,9,1,0.04528777301311493,0.09998402330610487,39.44444444444444
417,llama_4_maverick,-5899974479272659304,llama_4_maverick_-5899974479272659304,9,1,0.036149926483631134,0.12269716792636448,60.888888888888886
418,llama_4_maverick,-6177573438719157576,llama_4_maverick_-6177573438719157576,9,1,0.07829678058624268,0.11044067144393921,83.33333333333333
419,llama_4_maverick,-3077438221729393174,llama_4_maverick_-3077438221729393174,0,0,,0.055889666080474854,18.0
420,llama_4_maverick,-3710578740895059314,llama_4_maverick_-3710578740895059314,9,1,0.08093911409378052,0.18652404679192436,39.111111111111114
421,llama_4_maverick,-821022733193143676,llama_4_maverick_-821022733193143676,9,1,0.07636214047670364,0.16525492403242323,26.11111111111111
422,llama_4_maverick,2636117188647128599,llama_4_maverick_2636117188647128599,0,0,,0.052226126194000244,23.0
423,llama_4_maverick,-8921639716421817129,llama_4_maverick_-8921639716421817129,4,0,0.035357311367988586,0.1163492136531406,85.88888888888889
424,llama_4_maverick,-7985135402432770978,llama_4_maverick_-7985135402432770978,0,0,,0.020009219646453857,55.0
425,llama_4_maverick,-1744054494064115910,llama_4_maverick_-1744054494064115910,0,0,,0.032309889793395996,40.0
426,llama_4_maverick,-2457218002519459834,llama_4_maverick_-2457218002519459834,6,0,0.06273490935564041,0.07422745890087551,133.11111111111111
427,llama_4_maverick,-391780746738397678,llama_4_maverick_-391780746738397678,0,0,,0.030155837535858154,49.0
428,llama_4_maverick,1620364812526769466,llama_4_maverick_1620364812526769466,0,0,,0.023001551628112793,44.0
429,llama_4_maverick,1416772772001231468,llama_4_maverick_1416772772001231468,9,1,0.049066804349422455,0.08295821481280857,70.77777777777777
430,llama_4_maverick,3848804990389051498,llama_4_maverick_3848804990389051498,1,0,0.035040922462940216,0.1020680930879381,54.77777777777778
431,llama_4_maverick,3006407880862024475,llama_4_maverick_3006407880862024475,0,0,,0.035194218158721924,82.0
432,llama_4_maverick,6234718909462339099,llama_4_maverick_6234718909462339099,0,0,,0.029732227325439453,23.0
433,llama_4_maverick,5164258421646736790,llama_4_maverick_5164258421646736790,9,1,0.0749632939696312,0.14464369747373793,50.111111111111114
434,llama_4_maverick,-5749523268171315419,llama_4_maverick_-5749523268171315419,0,0,,0.027098894119262695,32.0
435,llama_4_maverick,6430301666024268553,llama_4_maverick_6430301666024268553,9,1,0.03634292632341385,0.08850867880715264,49.0
436,llama_4_maverick,-1092126298407317605,llama_4_maverick_-1092126298407317605,0,0,,0.014981746673583984,82.0
437,llama_4_maverick,-1605059337810121443,llama_4_maverick_-1605059337810121443,0,0,,0.04509162902832031,59.0
438,llama_4_maverick,5913102491103392517,llama_4_maverick_5913102491103392517,9,1,0.04387303441762924,0.14175220992830065,74.88888888888889
439,llama_4_maverick,-1694606555974841107,llama_4_maverick_-1694606555974841107,2,0,0.035686589777469635,0.1506679786576165,53.0
440,llama_4_maverick,-1858700434737539051,llama_4_maverick_-1858700434737539051,0,0,,0.02250528335571289,62.0
441,llama_4_maverick,4182946278101331181,llama_4_maverick_4182946278101331181,9,1,0.03272286057472229,0.10568267107009888,60.22222222222222
442,llama_4_maverick,4897986559320188643,llama_4_maverick_4897986559320188643,9,1,0.03782755136489868,0.05660586886935764,111.88888888888889
443,llama_4_maverick,182092834086698047,llama_4_maverick_182092834086698047,0,0,,0.025789856910705566,63.0
444,llama_4_maverick,-5969549956324168764,llama_4_maverick_-5969549956324168764,0,0,,0.031177401542663574,40.0
445,llama_4_maverick,-7811800943859122542,llama_4_maverick_-7811800943859122542,9,1,0.02572500705718994,0.0734392868147956,61.666666666666664
446,llama_4_maverick,5951700463490669078,llama_4_maverick_5951700463490669078,0,0,,0.031324923038482666,49.0
447,llama_4_maverick,950572738719693465,llama_4_maverick_950572738719693465,0,0,,0.04422760009765625,115.0
448,llama_4_maverick,-7060148810733596972,llama_4_maverick_-7060148810733596972,9,1,0.01763811707496643,0.08929040696885851,58.0
449,llama_4_maverick,-5237825607442921113,llama_4_maverick_-5237825607442921113,9,1,0.03800967335700989,0.09620909558402167,93.44444444444444
450,llama_4_maverick,-5330060506757493452,llama_4_maverick_-5330060506757493452,4,0,0.04915470629930496,0.19602480199601915,65.77777777777777
451,llama_4_maverick,2043428890821937123,llama_4_maverick_2043428890821937123,3,0,0.06416012346744537,0.14892670181062487,39.888888888888886
452,llama_4_maverick,-2614467891899861417,llama_4_maverick_-2614467891899861417,0,0,,0.02236616611480713,77.0
453,llama_4_maverick,7123840474438719476,llama_4_maverick_7123840474438719476,0,0,,0.03211921453475952,25.0
454,llama_4_maverick,7518546259187568763,llama_4_maverick_7518546259187568763,0,0,,0.046875715255737305,45.0
455,llama_4_maverick,-4091611321352319408,llama_4_maverick_-4091611321352319408,3,0,0.02232847362756729,0.0463824470837911,134.0
456,llama_4_maverick,-8237374561826080122,llama_4_maverick_-8237374561826080122,9,1,0.06335647404193878,0.1308249963654412,51.0
457,llama_4_maverick,3915102861893098204,llama_4_maverick_3915102861893098204,9,1,0.037905819714069366,0.11491830481423272,56.888888888888886
458,llama_4_maverick,-4987786564886538427,llama_4_maverick_-4987786564886538427,9,1,0.04772038757801056,0.07786648803287083,27.0
459,llama_4_maverick,-9100406125561281285,llama_4_maverick_-9100406125561281285,3,0,0.04694681614637375,0.10606227318445842,46.0
460,llama_4_maverick,-892133985618885593,llama_4_maverick_-892133985618885593,9,1,0.09157276898622513,0.14481130573484632,31.88888888888889
461,llama_4_maverick,-1346321167097923326,llama_4_maverick_-1346321167097923326,9,1,0.0691816434264183,0.1270396047168308,41.0
462,llama_4_maverick,2791125725839565243,llama_4_maverick_2791125725839565243,1,0,0.05161282420158386,0.15805817312664455,29.77777777777778
463,llama_4_maverick,-1665294647861104799,llama_4_maverick_-1665294647861104799,5,0,0.1090879961848259,0.20013411177529228,56.666666666666664
464,llama_4_maverick,6265324729573112612,llama_4_maverick_6265324729573112612,6,0,0.0648694634437561,0.18815931346681383,54.888888888888886
465,llama_4_maverick,-5886309332721347250,llama_4_maverick_-5886309332721347250,0,0,,0.010393500328063965,192.0
466,llama_4_maverick,6654246688823857271,llama_4_maverick_6654246688823857271,9,1,0.020023345947265625,0.04370076788796319,105.44444444444444
467,llama_4_maverick,6031542864347853845,llama_4_maverick_6031542864347853845,0,0,,0.026380181312561035,67.0
468,llama_4_maverick,3122430907289535168,llama_4_maverick_3122430907289535168,4,0,0.04278650879859924,0.10018693738513523,83.77777777777777
469,llama_4_maverick,2368576628548703214,llama_4_maverick_2368576628548703214,0,0,,0.028933346271514893,57.0
470,llama_4_maverick,5220215728703821160,llama_4_maverick_5220215728703821160,9,1,0.02752622961997986,0.0850335889392429,95.44444444444444
471,llama_4_maverick,-2484351493188746892,llama_4_maverick_-2484351493188746892,0,0,,0.025156736373901367,43.0
472,llama_4_maverick,9167830674630153904,llama_4_maverick_9167830674630153904,2,0,0.0392274409532547,0.04919367366366916,140.11111111111111
473,llama_4_maverick,6710202930699201949,llama_4_maverick_6710202930699201949,0,0,,0.03411245346069336,56.0
474,llama_4_maverick,8720755083289793199,llama_4_maverick_8720755083289793199,9,1,0.032193757593631744,0.038338800271352134,123.33333333333333
475,llama_4_maverick,261849876443705934,llama_4_maverick_261849876443705934,9,1,0.025592073798179626,0.03478551573223538,165.44444444444446
476,llama_4_maverick,-2088911231095860793,llama_4_maverick_-2088911231095860793,0,0,,0.036274850368499756,70.0
477,llama_4_maverick,1282911991310534168,llama_4_maverick_1282911991310534168,9,1,0.02827109396457672,0.03894983397589789,126.77777777777777
478,llama_4_maverick,7463509375434588932,llama_4_maverick_7463509375434588932,2,0,0.021536439657211304,0.03952158159679837,169.44444444444446
479,llama_4_maverick,451794645097555141,llama_4_maverick_451794645097555141,0,0,,0.022164881229400635,138.0
480,llama_4_maverick,-3850561541934266676,llama_4_maverick_-3850561541934266676,6,0,0.06603553891181946,0.04621524280971951,366.8888888888889
481,llama_4_maverick,-8523451399716556776,llama_4_maverick_-8523451399716556776,1,0,0.0303301140666008,0.025547802448272705,218.44444444444446
482,llama_4_maverick,4710014455521570919,llama_4_maverick_4710014455521570919,9,1,0.042599476873874664,0.03930668698416816,213.44444444444446
483,llama_4_maverick,9126875815536778072,llama_4_maverick_9126875815536778072,0,0,,0.11024659872055054,261.0
484,llama_4_maverick,2073554912240598643,llama_4_maverick_2073554912240598643,9,1,0.08576647192239761,0.05239374107784695,293.55555555555554
485,llama_4_maverick,6233436969587873900,llama_4_maverick_6233436969587873900,0,0,,0.025131642818450928,272.0
486,llama_4_maverick,100126031771356391,llama_4_maverick_100126031771356391,9,1,0.06571806967258453,0.05754357576370239,275.8888888888889
487,llama_4_maverick,-7014983488668753057,llama_4_maverick_-7014983488668753057,0,0,,0.08374476432800293,234.0
488,llama_4_maverick,3668135974225764656,llama_4_maverick_3668135974225764656,9,1,0.037597984075546265,0.028758870230780706,206.66666666666666
489,llama_4_maverick,610648932619567863,llama_4_maverick_610648932619567863,3,0,0.12987574934959412,0.09932361046473186,344.8888888888889
490,llama_4_maverick,5373086140999726834,llama_4_maverick_5373086140999726834,9,1,0.04050791263580322,0.03268449836307102,233.44444444444446
491,llama_4_maverick,-1342083566146758054,llama_4_maverick_-1342083566146758054,9,1,0.08777505159378052,0.058641797966427274,239.33333333333334
492,llama_4_maverick,99552568123306780,llama_4_maverick_99552568123306780,0,0,,0.07322561740875244,246.0
493,llama_4_maverick,7348445088988621872,llama_4_maverick_7348445088988621872,5,0,0.04002534598112106,0.04076610008875529,179.55555555555554
494,llama_4_maverick,-2426139202420454442,llama_4_maverick_-2426139202420454442,4,0,0.0392022579908371,0.03942832681867811,279.1111111111111
495,llama_4_maverick,-7499890801306751040,llama_4_maverick_-7499890801306751040,5,0,0.03533778339624405,0.027408182621002197,196.0
496,llama_4_maverick,-6395387349706341408,llama_4_maverick_-6395387349706341408,9,1,0.03892171382904053,0.03085140387217204,187.22222222222223
497,llama_4_maverick,7321101220402944674,llama_4_maverick_7321101220402944674,4,0,0.04821722209453583,0.03852032952838474,400.3333333333333
498,llama_4_maverick,2113165797384246729,llama_4_maverick_2113165797384246729,3,0,0.03378787636756897,0.060927013556162514,151.66666666666666
499,llama_4_maverick,1972840384489590995,llama_4_maverick_1972840384489590995,9,1,0.04167024791240692,0.03652762042151557,380.8888888888889
500,llama_4_maverick,-7682535168356585186,llama_4_maverick_-7682535168356585186,9,1,0.03829000145196915,0.0350858834054735,193.66666666666666
501,llama_4_maverick,-1735500191004990796,llama_4_maverick_-1735500191004990796,0,0,,0.030952632427215576,294.0
502,llama_4_maverick,1292724551369960622,llama_4_maverick_1292724551369960622,9,1,0.04825400561094284,0.042185955577426486,271.77777777777777
503,llama_4_maverick,2210891990189273159,llama_4_maverick_2210891990189273159,4,0,0.06939995288848877,0.049414747291141085,270.0
504,llama_4_maverick,-4182911227866983699,llama_4_maverick_-4182911227866983699,4,0,0.03508688509464264,0.0351865291595459,244.0
505,llama_4_maverick,-2457747153856003501,llama_4_maverick_-2457747153856003501,3,0,0.04209847003221512,0.04286916388405694,297.8888888888889
506,llama_4_maverick,-4449274681824639029,llama_4_maverick_-4449274681824639029,6,0,0.05191466957330704,0.036407285266452365,420.0
507,llama_4_maverick,1099232859305247506,llama_4_maverick_1099232859305247506,4,0,0.031026430428028107,0.06739637586805555,171.77777777777777
508,llama_4_maverick,-7437795878565402661,llama_4_maverick_-7437795878565402661,8,0,0.058389514684677124,0.12209131982591417,170.44444444444446
509,llama_4_maverick,6773375766416214779,llama_4_maverick_6773375766416214779,3,0,0.03171201050281525,0.03233137395646837,202.55555555555554
510,llama_4_maverick,5731245531905431254,llama_4_maverick_5731245531905431254,9,1,0.024342529475688934,0.17056041293674046,95.77777777777777
511,llama_4_maverick,-8471158231806730887,llama_4_maverick_-8471158231806730887,9,1,0.02095172554254532,0.07368988460964626,65.0
512,llama_4_maverick,233810294516621130,llama_4_maverick_233810294516621130,5,0,0.04905438423156738,0.07411792543199328,97.22222222222223
513,llama_4_maverick,2760607205220575767,llama_4_maverick_2760607205220575767,0,0,,0.022881150245666504,84.0
514,llama_4_maverick,5924225278026374695,llama_4_maverick_5924225278026374695,0,0,,0.023265302181243896,69.0
515,llama_4_maverick,6019035173862066670,llama_4_maverick_6019035173862066670,9,1,0.04803202301263809,0.08447329203287761,68.11111111111111
516,llama_4_maverick,-2040749816541001751,llama_4_maverick_-2040749816541001751,0,0,,0.028505027294158936,28.0
517,llama_4_maverick,77122876715330532,llama_4_maverick_77122876715330532,1,0,0.043662071228027344,0.13605044285456339,74.11111111111111
518,llama_4_maverick,7770609281081862811,llama_4_maverick_7770609281081862811,9,1,0.04473142325878143,0.08892912334865993,54.111111111111114
519,llama_4_maverick,-835612944049515109,llama_4_maverick_-835612944049515109,4,0,0.041504643857479095,0.10086339712142944,87.33333333333333
520,llama_4_maverick,-6989472814945901444,llama_4_maverick_-6989472814945901444,0,0,,0.022243082523345947,87.0
521,llama_4_maverick,-3672851136451162414,llama_4_maverick_-3672851136451162414,0,0,,0.03029191493988037,84.0
522,llama_4_maverick,-989325859629907290,llama_4_maverick_-989325859629907290,1,0,0.04141981154680252,0.05879247188568115,96.11111111111111
523,llama_4_maverick,-3174183934268952944,llama_4_maverick_-3174183934268952944,6,0,0.055339790880680084,0.126595053407881,54.77777777777778
524,llama_4_maverick,-8620125309800655919,llama_4_maverick_-8620125309800655919,0,0,,0.026280641555786133,66.0
525,llama_4_maverick,-5235735322323969407,llama_4_maverick_-5235735322323969407,6,0,0.05775311589241028,0.09313370784123738,68.22222222222223
526,llama_4_maverick,600634647637906794,llama_4_maverick_600634647637906794,0,0,,0.016591310501098633,57.0
527,llama_4_maverick,-4012725376662685989,llama_4_maverick_-4012725376662685989,9,1,0.09395573288202286,0.12488822142283122,41.888888888888886
528,llama_4_maverick,-41280002177451766,llama_4_maverick_-41280002177451766,3,0,0.07649613171815872,0.12807969914542305,49.666666666666664
529,llama_4_maverick,-8272745916196489832,llama_4_maverick_-8272745916196489832,9,1,0.03238191455602646,0.05743302239312066,46.44444444444444
530,llama_4_maverick,384277198706752248,llama_4_maverick_384277198706752248,2,0,0.05587606132030487,0.18554216623306274,36.0
531,llama_4_maverick,-7626639531662781771,llama_4_maverick_-7626639531662781771,5,0,0.05298938602209091,0.11245214939117432,49.55555555555556
532,llama_4_maverick,1700866644014073359,llama_4_maverick_1700866644014073359,9,1,0.07888451963663101,0.10322846968968709,37.666666666666664
533,llama_4_maverick,-4381081636906973354,llama_4_maverick_-4381081636906973354,9,1,0.060376279056072235,0.12321798668967353,56.111111111111114
534,llama_4_maverick,6289934899639709892,llama_4_maverick_6289934899639709892,9,1,0.04449078440666199,0.18538284301757812,52.333333333333336
535,llama_4_maverick,-4662251169205312495,llama_4_maverick_-4662251169205312495,9,1,0.04870373010635376,0.14347033368216622,69.55555555555556
536,llama_4_maverick,844848860241868824,llama_4_maverick_844848860241868824,0,0,,0.04256552457809448,17.0
537,llama_4_maverick,2993513969025454918,llama_4_maverick_2993513969025454918,0,0,,0.030560076236724854,25.0
538,llama_4_maverick,5747755276485962116,llama_4_maverick_5747755276485962116,9,1,0.042882367968559265,0.10684794187545776,39.77777777777778
539,llama_4_maverick,-4419018608323827456,llama_4_maverick_-4419018608323827456,1,0,0.05082883685827255,0.13034700022803414,60.44444444444444
540,llama_4_maverick,-5202658141419468281,llama_4_maverick_-5202658141419468281,9,1,0.0710630714893341,0.12427396906746759,72.0
541,llama_4_maverick,-8907431768099227324,llama_4_maverick_-8907431768099227324,9,1,0.03825890272855759,0.0879230366812812,63.111111111111114
542,llama_4_maverick,423123995291060201,llama_4_maverick_423123995291060201,9,1,0.05009040981531143,0.12946760654449463,65.66666666666667
543,llama_4_maverick,4568979009658821482,llama_4_maverick_4568979009658821482,6,0,0.05787172168493271,0.09444149335225423,86.0
544,llama_4_maverick,8372905255595042408,llama_4_maverick_8372905255595042408,9,1,0.040086083114147186,0.04149452182981703,133.11111111111111
545,llama_4_maverick,-5351228820072806361,llama_4_maverick_-5351228820072806361,9,1,0.039208464324474335,0.07150174511803521,99.88888888888889
546,llama_4_maverick,8079901814221974862,llama_4_maverick_8079901814221974862,9,1,0.04082150757312775,0.07411746184031169,108.11111111111111
547,llama_4_maverick,1854385916274690024,llama_4_maverick_1854385916274690024,9,1,0.0365191325545311,0.049905975659688316,106.0
548,llama_4_maverick,7636278833548477411,llama_4_maverick_7636278833548477411,9,1,0.0702294334769249,0.14108546574910483,85.11111111111111
549,llama_4_maverick,6885295538395323317,llama_4_maverick_6885295538395323317,9,1,0.03547503799200058,0.05292233493593004,122.22222222222223
550,llama_4_maverick,4076636438111953864,llama_4_maverick_4076636438111953864,9,1,0.0685197189450264,0.09130886528227064,65.66666666666667
551,llama_4_maverick,8374744423061302494,llama_4_maverick_8374744423061302494,9,1,0.04657571017742157,0.09002539846632215,93.55555555555556
552,llama_4_maverick,1639335490700864975,llama_4_maverick_1639335490700864975,0,0,,0.026976704597473145,40.0
553,llama_4_maverick,-9063219803637709866,llama_4_maverick_-9063219803637709866,9,1,0.025846824049949646,0.041407148043314614,108.33333333333333
554,llama_4_maverick,6640276837275129500,llama_4_maverick_6640276837275129500,9,1,0.04393944889307022,0.057257632414499916,106.11111111111111
555,llama_4_maverick,-1465584012399241709,llama_4_maverick_-1465584012399241709,6,0,0.03409644961357117,0.09860485792160034,70.22222222222223
556,llama_4_maverick,5055121941032437181,llama_4_maverick_5055121941032437181,0,0,,0.0263327956199646,75.0
557,llama_4_maverick,8973741341861710174,llama_4_maverick_8973741341861710174,9,1,0.034616731107234955,0.09356574217478435,63.333333333333336
558,llama_4_maverick,-1723436940174875715,llama_4_maverick_-1723436940174875715,9,1,0.045619599521160126,0.12254034148322211,57.0
559,llama_4_maverick,-6831321041972172779,llama_4_maverick_-6831321041972172779,9,1,0.09081042557954788,0.14217762814627755,32.77777777777778
560,llama_4_maverick,-5446409502801314613,llama_4_maverick_-5446409502801314613,0,0,,0.020961403846740723,56.0
561,llama_4_maverick,4563514842812771336,llama_4_maverick_4563514842812771336,9,1,0.08200614154338837,0.21698968278037178,30.0
562,llama_4_maverick,5154388496546111379,llama_4_maverick_5154388496546111379,9,1,0.03761162608861923,0.13289499282836914,95.88888888888889
563,llama_4_maverick,4722133137323284450,llama_4_maverick_4722133137323284450,5,0,0.06546216458082199,0.14408761925167507,66.44444444444444
564,llama_4_maverick,5164423831698182905,llama_4_maverick_5164423831698182905,0,0,,0.10633069276809692,17.0
565,llama_4_maverick,604941174305744411,llama_4_maverick_604941174305744411,0,0,,0.025989174842834473,42.0
566,llama_4_maverick,-5802145650938264842,llama_4_maverick_-5802145650938264842,0,0,,0.02904278039932251,76.0
567,llama_4_maverick,3931284174127364530,llama_4_maverick_3931284174127364530,6,0,0.06567651033401489,0.12452820274564955,52.0
568,llama_4_maverick,6070018462079648913,llama_4_maverick_6070018462079648913,0,0,,0.02494150400161743,103.0
569,llama_4_maverick,204448917523952348,llama_4_maverick_204448917523952348,9,1,0.05208973586559296,0.12852809826533,43.22222222222222
570,llama_4_maverick,5164048774546554882,llama_4_maverick_5164048774546554882,9,1,0.031199239194393158,0.03752472003300985,136.77777777777777
571,llama_4_maverick,6964281940594040699,llama_4_maverick_6964281940594040699,0,0,,0.028801798820495605,180.0
572,llama_4_maverick,-5875280511633488481,llama_4_maverick_-5875280511633488481,0,0,,0.03406703472137451,141.0
573,llama_4_maverick,-6163068254698810880,llama_4_maverick_-6163068254698810880,2,0,0.02318863570690155,0.023435797956254747,306.8888888888889
574,llama_4_maverick,-1981272365326675818,llama_4_maverick_-1981272365326675818,2,0,0.04049482196569443,0.035684300793541804,369.55555555555554
575,llama_4_maverick,-6035991494139245934,llama_4_maverick_-6035991494139245934,0,0,,0.08157247304916382,228.0
576,llama_4_maverick,-6462634378165500121,llama_4_maverick_-6462634378165500121,2,0,0.042706623673439026,0.05910016430748834,191.88888888888889
577,llama_4_maverick,-402531212160717911,llama_4_maverick_-402531212160717911,6,0,0.032108329236507416,0.027713027265336778,350.55555555555554
578,llama_4_maverick,-9131230396526578799,llama_4_maverick_-9131230396526578799,0,0,,0.03494220972061157,173.0
579,llama_4_maverick,-1875871304617392473,llama_4_maverick_-1875871304617392473,0,0,,0.04265826940536499,107.0
580,llama_4_maverick,2273134162572765915,llama_4_maverick_2273134162572765915,1,0,0.07164984941482544,0.06197253863016764,343.77777777777777
581,llama_4_maverick,-2008285407191050200,llama_4_maverick_-2008285407191050200,5,0,0.033501267433166504,0.030471901098887127,217.0
582,llama_4_maverick,-7983238485583049382,llama_4_maverick_-7983238485583049382,0,0,,0.048798978328704834,173.0
583,llama_4_maverick,8172726332423467188,llama_4_maverick_8172726332423467188,9,1,0.03558403253555298,0.02730127837922838,277.1111111111111
584,llama_4_maverick,4894441231560077460,llama_4_maverick_4894441231560077460,5,0,0.06006234139204025,0.045248846213022866,424.6666666666667
585,llama_4_maverick,-6680707314942680018,llama_4_maverick_-6680707314942680018,9,1,0.04545558989048004,0.14455653561486137,27.77777777777778
586,llama_4_maverick,5764764662591107402,llama_4_maverick_5764764662591107402,0,0,,0.024124622344970703,57.0
587,llama_4_maverick,356719467021448064,llama_4_maverick_356719467021448064,9,1,0.053757444024086,0.07830386691623265,68.33333333333333
588,llama_4_maverick,-6394613744510759117,llama_4_maverick_-6394613744510759117,9,1,0.061317674815654755,0.22885959015952217,35.77777777777778
589,llama_4_maverick,-513720216872656157,llama_4_maverick_-513720216872656157,9,1,0.04385867714881897,0.09936715496910943,54.111111111111114
590,llama_4_maverick,-8876118542864707776,llama_4_maverick_-8876118542864707776,9,1,0.05182354152202606,0.13203617599275377,31.11111111111111
591,llama_4_maverick,-7072979864131647768,llama_4_maverick_-7072979864131647768,2,0,0.04944624751806259,0.14686755339304605,32.888888888888886
592,llama_4_maverick,3919106662647446338,llama_4_maverick_3919106662647446338,9,1,0.05472370982170105,0.08987730741500854,34.0
593,llama_4_maverick,-7023350021177966489,llama_4_maverick_-7023350021177966489,8,0,0.04436172544956207,0.13030068741904366,56.0
594,llama_4_maverick,-4781151448604071955,llama_4_maverick_-4781151448604071955,9,1,0.0440138578414917,0.11454017294777764,26.77777777777778
595,llama_4_maverick,-3822397449515773282,llama_4_maverick_-3822397449515773282,0,0,,0.01917368173599243,66.0
596,llama_4_maverick,-4157368412495745462,llama_4_maverick_-4157368412495745462,9,1,0.058927200734615326,0.1037908395131429,35.44444444444444
597,llama_4_maverick,-228886806512920008,llama_4_maverick_-228886806512920008,0,0,,0.03782033920288086,21.0
598,llama_4_maverick,7408599543941295622,llama_4_maverick_7408599543941295622,9,1,0.0597340390086174,0.08211182885699803,65.77777777777777
599,llama_4_maverick,2124726093106566421,llama_4_maverick_2124726093106566421,9,1,0.0685877874493599,0.1310821771621704,34.0
600,llama_4_maverick,-3255784352801270402,llama_4_maverick_-3255784352801270402,8,0,0.027845486998558044,0.1253313488430447,89.44444444444444
601,llama_4_maverick,-6498800792563220183,llama_4_maverick_-6498800792563220183,6,0,0.028634846210479736,0.04283411635292901,114.44444444444444
602,llama_4_maverick,-7363728168743920956,llama_4_maverick_-7363728168743920956,6,0,0.05001527816057205,0.07829542292488946,86.77777777777777
603,llama_4_maverick,-3958284742991168852,llama_4_maverick_-3958284742991168852,5,0,0.03420291095972061,0.02986948357688056,212.22222222222223
604,llama_4_maverick,-6488258624270391465,llama_4_maverick_-6488258624270391465,4,0,0.0321778729557991,0.04407244920730591,174.11111111111111
605,llama_4_maverick,-433991308005670545,llama_4_maverick_-433991308005670545,9,1,0.04726739227771759,0.0743447740872701,102.33333333333333
606,llama_4_maverick,3888330794420732341,llama_4_maverick_3888330794420732341,5,0,0.02521844208240509,0.023817035886976454,168.22222222222223
607,llama_4_maverick,-6010971004884458590,llama_4_maverick_-6010971004884458590,0,0,,0.02642202377319336,78.0
608,llama_4_maverick,3014933173593453653,llama_4_maverick_3014933173593453653,5,0,0.04228422790765762,0.06024777889251709,117.22222222222223
609,llama_4_maverick,-6199996507772876439,llama_4_maverick_-6199996507772876439,4,0,0.035133734345436096,0.04512214660644531,92.0
610,llama_4_maverick,2035764115983752146,llama_4_maverick_2035764115983752146,3,0,0.02876703441143036,0.024910204940372042,190.77777777777777
611,llama_4_maverick,5312685689877844083,llama_4_maverick_5312685689877844083,9,1,0.0330844447016716,0.04505989286634657,122.77777777777777
612,llama_4_maverick,1807700064528449667,llama_4_maverick_1807700064528449667,3,0,0.033939868211746216,0.0990828275680542,73.0
613,llama_4_maverick,-5859720498792191624,llama_4_maverick_-5859720498792191624,4,0,0.019488096237182617,0.023507038752237957,145.0
614,llama_4_maverick,5530605408869470549,llama_4_maverick_5530605408869470549,0,0,,0.04404252767562866,225.0
615,llama_4_maverick,4883341766600275736,llama_4_maverick_4883341766600275736,9,1,0.0502500906586647,0.17063618368572658,91.44444444444444
616,llama_4_maverick,1987126112683841670,llama_4_maverick_1987126112683841670,4,0,0.043429769575595856,0.17460787296295166,60.333333333333336
617,llama_4_maverick,-8945932458730526725,llama_4_maverick_-8945932458730526725,3,0,0.04378895461559296,0.09351472722159491,105.22222222222223
618,llama_4_maverick,-3515015405043387671,llama_4_maverick_-3515015405043387671,2,0,0.08344758301973343,0.1648795207341512,66.66666666666667
619,llama_4_maverick,8482375744578594826,llama_4_maverick_8482375744578594826,1,0,0.06915579736232758,0.16091599067052206,81.0
620,llama_4_maverick,-9013992972464039608,llama_4_maverick_-9013992972464039608,4,0,0.038614049553871155,0.15892197026146782,57.111111111111114
621,llama_4_maverick,-611473111151758850,llama_4_maverick_-611473111151758850,9,1,0.03689563274383545,0.0833681689368354,60.666666666666664
622,llama_4_maverick,-5521043189365101398,llama_4_maverick_-5521043189365101398,9,1,0.07225996255874634,0.13902626434961954,97.44444444444444
623,llama_4_maverick,-7546404395296291435,llama_4_maverick_-7546404395296291435,0,0,,0.03574633598327637,66.0
624,llama_4_maverick,4248847575723327276,llama_4_maverick_4248847575723327276,0,0,,0.03951138257980347,21.0
625,llama_4_maverick,542211107188627049,llama_4_maverick_542211107188627049,0,0,,0.02544945478439331,48.0
626,llama_4_maverick,-126516409334500754,llama_4_maverick_-126516409334500754,6,0,0.057106971740722656,0.17736814419428507,49.77777777777778
627,llama_4_maverick,3926824490701155481,llama_4_maverick_3926824490701155481,3,0,0.06847034394741058,0.1322606603304545,32.888888888888886
628,llama_4_maverick,5473549590811688258,llama_4_maverick_5473549590811688258,9,1,0.08200965076684952,0.13309070136811998,41.55555555555556
629,llama_4_maverick,6576889927205316692,llama_4_maverick_6576889927205316692,9,1,0.05874626338481903,0.1437550319565667,63.666666666666664
630,llama_4_maverick,-4883606697323853627,llama_4_maverick_-4883606697323853627,9,1,0.11712958663702011,0.2062138385242886,28.88888888888889
631,llama_4_maverick,887784321936593806,llama_4_maverick_887784321936593806,9,1,0.07911831140518188,0.24969148635864258,25.77777777777778
632,llama_4_maverick,673807717929362118,llama_4_maverick_673807717929362118,9,1,0.08233030140399933,0.22820724381340873,26.88888888888889
633,llama_4_maverick,570469243279930806,llama_4_maverick_570469243279930806,9,1,0.08097720146179199,0.17366131809022692,29.77777777777778
634,llama_4_maverick,-9046903290918054596,llama_4_maverick_-9046903290918054596,9,1,0.071782685816288,0.17619761493470934,25.77777777777778
635,llama_4_maverick,1786589123392352981,llama_4_maverick_1786589123392352981,9,1,0.08933962881565094,0.158630993631151,28.77777777777778
636,llama_4_maverick,-1372345942367274949,llama_4_maverick_-1372345942367274949,0,0,,0.06342297792434692,21.0
637,llama_4_maverick,982298433863117243,llama_4_maverick_982298433863117243,9,1,0.09080971032381058,0.16158830457263523,25.77777777777778
638,llama_4_maverick,5503677775808847586,llama_4_maverick_5503677775808847586,9,1,0.06684007495641708,0.13223632838990954,27.77777777777778
639,llama_4_maverick,5165352378952478367,llama_4_maverick_5165352378952478367,0,0,,0.04034167528152466,21.0
640,llama_4_maverick,9168412324640327977,llama_4_maverick_9168412324640327977,0,0,,0.07731109857559204,16.0
641,llama_4_maverick,-3822679087892600207,llama_4_maverick_-3822679087892600207,9,1,0.06684942543506622,0.25987641678916085,24.77777777777778
642,llama_4_maverick,-2845539168041634850,llama_4_maverick_-2845539168041634850,3,0,0.0944826751947403,0.19440444310506186,30.22222222222222
643,llama_4_maverick,904392544800040144,llama_4_maverick_904392544800040144,1,0,0.059717826545238495,0.2181742654906379,28.77777777777778
644,llama_4_maverick,-7630079354320959031,llama_4_maverick_-7630079354320959031,9,1,0.09235227853059769,0.13864118523067898,33.77777777777778
645,llama_4_maverick,-1411657316995874852,llama_4_maverick_-1411657316995874852,9,1,0.06587222963571548,0.16258394718170166,34.888888888888886
646,llama_4_maverick,2408062506863615116,llama_4_maverick_2408062506863615116,0,0,,0.07344645261764526,22.0
647,llama_4_maverick,3989154891416400209,llama_4_maverick_3989154891416400209,0,0,,0.045314013957977295,28.0
648,llama_4_maverick,1731242560741038573,llama_4_maverick_1731242560741038573,0,0,,0.07264822721481323,21.0
649,llama_4_maverick,-8881785407575437705,llama_4_maverick_-8881785407575437705,1,0,0.11328156292438507,0.16276103920406765,35.111111111111114
650,llama_4_maverick,7113891094905257545,llama_4_maverick_7113891094905257545,1,0,0.09042631834745407,0.2063673602210151,34.0
651,llama_4_maverick,-2941475292017971877,llama_4_maverick_-2941475292017971877,9,1,0.09507603198289871,0.2256219055917528,29.88888888888889
652,llama_4_maverick,-3955053198759650396,llama_4_maverick_-3955053198759650396,3,0,0.06691909581422806,0.11931918727027045,33.0
653,llama_4_maverick,3455319341020500757,llama_4_maverick_3455319341020500757,9,1,0.11004271358251572,0.2059081064330207,27.88888888888889
654,llama_4_maverick,5555861884808454278,llama_4_maverick_5555861884808454278,9,1,0.11123909801244736,0.23960242006513807,40.0
655,llama_4_maverick,8999432502958179942,llama_4_maverick_8999432502958179942,9,1,0.09755121916532516,0.23297839694552952,35.111111111111114
656,llama_4_maverick,3858550120354173846,llama_4_maverick_3858550120354173846,7,0,0.06521216034889221,0.13298878404829237,40.22222222222222
657,llama_4_maverick,5897657904452165490,llama_4_maverick_5897657904452165490,9,1,0.08059852570295334,0.23221492105060154,35.0
658,llama_4_maverick,7836286551212522624,llama_4_maverick_7836286551212522624,0,0,,0.057886600494384766,30.0
659,llama_4_maverick,7631165795394096479,llama_4_maverick_7631165795394096479,0,0,,0.05893552303314209,23.0
660,llama_4_maverick,5258194242785230719,llama_4_maverick_5258194242785230719,6,0,0.07502090930938721,0.19907577832539877,36.77777777777778
661,llama_4_maverick,1495859126019901624,llama_4_maverick_1495859126019901624,9,1,0.07309555262327194,0.23764236768086752,33.77777777777778
662,llama_4_maverick,-7841539191484030142,llama_4_maverick_-7841539191484030142,9,1,0.06505763530731201,0.19754656155904135,36.77777777777778
663,llama_4_maverick,-1279956671091164919,llama_4_maverick_-1279956671091164919,0,0,,0.03149908781051636,28.0
664,llama_4_maverick,261648132463568058,llama_4_maverick_261648132463568058,9,1,0.10424826294183731,0.18620680438147652,37.77777777777778
665,llama_4_maverick,352325362911945121,llama_4_maverick_352325362911945121,0,0,,0.039687275886535645,48.0
666,llama_4_maverick,1687413679020497573,llama_4_maverick_1687413679020497573,0,0,,0.02664792537689209,44.0
667,llama_4_maverick,1974318092612015133,llama_4_maverick_1974318092612015133,0,0,,0.04734379053115845,40.0
668,llama_4_maverick,-7234369298518038214,llama_4_maverick_-7234369298518038214,0,0,,0.028343141078948975,32.0
669,llama_4_maverick,-6783652943199194573,llama_4_maverick_-6783652943199194573,0,0,,0.03654909133911133,45.0
670,llama_4_maverick,4621699954136284136,llama_4_maverick_4621699954136284136,0,0,,0.038734376430511475,39.0
671,llama_4_maverick,2261668389879741137,llama_4_maverick_2261668389879741137,0,0,,0.05575418472290039,30.0
672,llama_4_maverick,-6230442312554098806,llama_4_maverick_-6230442312554098806,0,0,,0.01718318462371826,45.0
673,llama_4_maverick,1934249261104810838,llama_4_maverick_1934249261104810838,0,0,,0.04094886779785156,30.0
674,llama_4_maverick,2536957425837136451,llama_4_maverick_2536957425837136451,0,0,,0.026866555213928223,38.0
675,llama_4_maverick,-5498792674712045045,llama_4_maverick_-5498792674712045045,0,0,,0.06150209903717041,48.0
676,llama_4_maverick,894323346334406402,llama_4_maverick_894323346334406402,0,0,,0.03402465581893921,30.0
677,llama_4_maverick,-8850566110912606054,llama_4_maverick_-8850566110912606054,0,0,,0.03445076942443848,55.0
678,llama_4_maverick,-9175904376972671515,llama_4_maverick_-9175904376972671515,0,0,,0.03436386585235596,53.0
679,llama_4_maverick,-8854323435045524171,llama_4_maverick_-8854323435045524171,2,0,0.04768425226211548,0.14843853976991442,51.333333333333336
680,llama_4_maverick,-7804655540170506709,llama_4_maverick_-7804655540170506709,0,0,,0.034999847412109375,44.0
681,llama_4_maverick,-8613661233918852522,llama_4_maverick_-8613661233918852522,0,0,,0.0340728759765625,44.0
682,llama_4_maverick,-5472863922888257633,llama_4_maverick_-5472863922888257633,0,0,,0.042066097259521484,39.0
683,llama_4_maverick,2536187963947059385,llama_4_maverick_2536187963947059385,0,0,,0.06694900989532471,56.0
684,llama_4_maverick,6278214388561885123,llama_4_maverick_6278214388561885123,9,1,0.040737077593803406,0.13292466931872898,58.333333333333336
685,llama_4_maverick,1509458204132456118,llama_4_maverick_1509458204132456118,0,0,,0.026167750358581543,48.0
686,llama_4_maverick,3356724402409045790,llama_4_maverick_3356724402409045790,7,0,0.04526305943727493,0.0917733112970988,54.77777777777778
687,llama_4_maverick,-2161596089364711575,llama_4_maverick_-2161596089364711575,2,0,0.03690635412931442,0.11333349678251478,51.111111111111114
688,llama_4_maverick,-2567123333935973752,llama_4_maverick_-2567123333935973752,0,0,,0.03924626111984253,54.0
689,llama_4_maverick,7823893105962223540,llama_4_maverick_7823893105962223540,6,0,0.05494359880685806,0.1562389996316698,63.44444444444444
690,llama_4_maverick,-1399180076645241440,llama_4_maverick_-1399180076645241440,9,1,0.04227444529533386,0.12114469210306804,67.0
691,llama_4_maverick,5877717018390517462,llama_4_maverick_5877717018390517462,2,0,0.10978216677904129,0.14314089881049263,52.44444444444444
692,llama_4_maverick,-1799001309772136234,llama_4_maverick_-1799001309772136234,9,1,0.03070691227912903,0.06621790594524807,69.22222222222223
693,llama_4_maverick,7044046234341293027,llama_4_maverick_7044046234341293027,9,1,0.08844934403896332,0.14793019824557835,77.66666666666667
694,llama_4_maverick,2880804906458055209,llama_4_maverick_2880804906458055209,6,0,0.03716222941875458,0.09445901049507989,71.22222222222223
695,llama_4_maverick,-7064816784597203254,llama_4_maverick_-7064816784597203254,4,0,0.03936019539833069,0.0730638239118788,60.77777777777778
696,llama_4_maverick,8698759226030262646,llama_4_maverick_8698759226030262646,9,1,0.030031122267246246,0.06735116243362427,109.66666666666667
697,llama_4_maverick,2268169627869155134,llama_4_maverick_2268169627869155134,0,0,,0.046463608741760254,46.0
698,llama_4_maverick,4493349425951364444,llama_4_maverick_4493349425951364444,4,0,0.0668918639421463,0.15103762017356026,65.44444444444444
699,llama_4_maverick,-4189960939663611264,llama_4_maverick_-4189960939663611264,4,0,0.04090549051761627,0.08091504706276788,69.77777777777777
